"Mod name","Registry name","Item ID","Display name"
"Minecraft","minecraft:acacia_button","minecraft:acacia_button","Acacia Button"
"Minecraft","minecraft:acacia_door","minecraft:acacia_door","Acacia Door"
"Minecraft","minecraft:acacia_fence","minecraft:acacia_fence","Acacia Fence"
"Minecraft","minecraft:acacia_fence_gate","minecraft:acacia_fence_gate","Acacia Fence Gate"
"Minecraft","minecraft:acacia_leaves","minecraft:acacia_leaves","Acacia Leaves"
"Minecraft","minecraft:acacia_log","minecraft:acacia_log","Acacia Log"
"Minecraft","minecraft:acacia_planks","minecraft:acacia_planks","Acacia Planks"
"Minecraft","minecraft:acacia_pressure_plate","minecraft:acacia_pressure_plate","Acacia Pressure Plate"
"Minecraft","minecraft:acacia_sapling","minecraft:acacia_sapling","Acacia Sapling"
"Minecraft","minecraft:acacia_sign","minecraft:acacia_sign","Acacia Sign"
"Minecraft","minecraft:acacia_slab","minecraft:acacia_slab","Acacia Slab"
"Minecraft","minecraft:acacia_stairs","minecraft:acacia_stairs","Acacia Stairs"
"Minecraft","minecraft:acacia_trapdoor","minecraft:acacia_trapdoor","Acacia Trapdoor"
"Minecraft","minecraft:acacia_wall_sign","minecraft:acacia_sign","Acacia Sign"
"Minecraft","minecraft:acacia_wood","minecraft:acacia_wood","Acacia Wood"
"Minecraft","minecraft:activator_rail","minecraft:activator_rail","Activator Rail"
"Minecraft","minecraft:air","","Air"
"Minecraft","minecraft:allium","minecraft:allium","Allium"
"Minecraft","minecraft:amethyst_block","minecraft:amethyst_block","Block of Amethyst"
"Minecraft","minecraft:amethyst_cluster","minecraft:amethyst_cluster","Amethyst Cluster"
"Minecraft","minecraft:ancient_debris","minecraft:ancient_debris","Ancient Debris"
"Minecraft","minecraft:andesite","minecraft:andesite","Andesite"
"Minecraft","minecraft:andesite_slab","minecraft:andesite_slab","Andesite Slab"
"Minecraft","minecraft:andesite_stairs","minecraft:andesite_stairs","Andesite Stairs"
"Minecraft","minecraft:andesite_wall","minecraft:andesite_wall","Andesite Wall"
"Minecraft","minecraft:anvil","minecraft:anvil","Anvil"
"Minecraft","minecraft:attached_melon_stem","","Attached Melon Stem"
"Minecraft","minecraft:attached_pumpkin_stem","","Attached Pumpkin Stem"
"Minecraft","minecraft:azalea","minecraft:azalea","Azalea"
"Minecraft","minecraft:azalea_leaves","minecraft:azalea_leaves","Azalea Leaves"
"Minecraft","minecraft:azure_bluet","minecraft:azure_bluet","Azure Bluet"
"Minecraft","minecraft:bamboo","minecraft:bamboo","Bamboo"
"Minecraft","minecraft:bamboo_sapling","","Bamboo Shoot"
"Minecraft","minecraft:barrel","minecraft:barrel","Barrel"
"Minecraft","minecraft:barrier","minecraft:barrier","Barrier"
"Minecraft","minecraft:basalt","minecraft:basalt","Basalt"
"Minecraft","minecraft:beacon","minecraft:beacon","Beacon"
"Minecraft","minecraft:bedrock","minecraft:bedrock","Bedrock"
"Minecraft","minecraft:bee_nest","minecraft:bee_nest","Bee Nest"
"Minecraft","minecraft:beehive","minecraft:beehive","Beehive"
"Minecraft","minecraft:beetroots","minecraft:beetroot_seeds","Beetroot Seeds"
"Minecraft","minecraft:bell","minecraft:bell","Bell"
"Minecraft","minecraft:big_dripleaf","minecraft:big_dripleaf","Big Dripleaf"
"Minecraft","minecraft:big_dripleaf_stem","","Big Dripleaf Stem"
"Minecraft","minecraft:birch_button","minecraft:birch_button","Birch Button"
"Minecraft","minecraft:birch_door","minecraft:birch_door","Birch Door"
"Minecraft","minecraft:birch_fence","minecraft:birch_fence","Birch Fence"
"Minecraft","minecraft:birch_fence_gate","minecraft:birch_fence_gate","Birch Fence Gate"
"Minecraft","minecraft:birch_leaves","minecraft:birch_leaves","Birch Leaves"
"Minecraft","minecraft:birch_log","minecraft:birch_log","Birch Log"
"Minecraft","minecraft:birch_planks","minecraft:birch_planks","Birch Planks"
"Minecraft","minecraft:birch_pressure_plate","minecraft:birch_pressure_plate","Birch Pressure Plate"
"Minecraft","minecraft:birch_sapling","minecraft:birch_sapling","Birch Sapling"
"Minecraft","minecraft:birch_sign","minecraft:birch_sign","Birch Sign"
"Minecraft","minecraft:birch_slab","minecraft:birch_slab","Birch Slab"
"Minecraft","minecraft:birch_stairs","minecraft:birch_stairs","Birch Stairs"
"Minecraft","minecraft:birch_trapdoor","minecraft:birch_trapdoor","Birch Trapdoor"
"Minecraft","minecraft:birch_wall_sign","minecraft:birch_sign","Birch Sign"
"Minecraft","minecraft:birch_wood","minecraft:birch_wood","Birch Wood"
"Minecraft","minecraft:black_banner","minecraft:black_banner","Black Banner"
"Minecraft","minecraft:black_bed","minecraft:black_bed","Black Bed"
"Minecraft","minecraft:black_candle","minecraft:black_candle","Black Candle"
"Minecraft","minecraft:black_candle_cake","","Cake with Black Candle"
"Minecraft","minecraft:black_carpet","minecraft:black_carpet","Black Carpet"
"Minecraft","minecraft:black_concrete","minecraft:black_concrete","Black Concrete"
"Minecraft","minecraft:black_concrete_powder","minecraft:black_concrete_powder","Black Concrete Powder"
"Minecraft","minecraft:black_glazed_terracotta","minecraft:black_glazed_terracotta","Black Glazed Terracotta"
"Minecraft","minecraft:black_shulker_box","minecraft:black_shulker_box","Black Shulker Box"
"Minecraft","minecraft:black_stained_glass","minecraft:black_stained_glass","Black Stained Glass"
"Minecraft","minecraft:black_stained_glass_pane","minecraft:black_stained_glass_pane","Black Stained Glass Pane"
"Minecraft","minecraft:black_terracotta","minecraft:black_terracotta","Black Terracotta"
"Minecraft","minecraft:black_wall_banner","minecraft:black_banner","Black Banner"
"Minecraft","minecraft:black_wool","minecraft:black_wool","Black Wool"
"Minecraft","minecraft:blackstone","minecraft:blackstone","Blackstone"
"Minecraft","minecraft:blackstone_slab","minecraft:blackstone_slab","Blackstone Slab"
"Minecraft","minecraft:blackstone_stairs","minecraft:blackstone_stairs","Blackstone Stairs"
"Minecraft","minecraft:blackstone_wall","minecraft:blackstone_wall","Blackstone Wall"
"Minecraft","minecraft:blast_furnace","minecraft:blast_furnace","Blast Furnace"
"Minecraft","minecraft:blue_banner","minecraft:blue_banner","Blue Banner"
"Minecraft","minecraft:blue_bed","minecraft:blue_bed","Blue Bed"
"Minecraft","minecraft:blue_candle","minecraft:blue_candle","Blue Candle"
"Minecraft","minecraft:blue_candle_cake","","Cake with Blue Candle"
"Minecraft","minecraft:blue_carpet","minecraft:blue_carpet","Blue Carpet"
"Minecraft","minecraft:blue_concrete","minecraft:blue_concrete","Blue Concrete"
"Minecraft","minecraft:blue_concrete_powder","minecraft:blue_concrete_powder","Blue Concrete Powder"
"Minecraft","minecraft:blue_glazed_terracotta","minecraft:blue_glazed_terracotta","Blue Glazed Terracotta"
"Minecraft","minecraft:blue_ice","minecraft:blue_ice","Blue Ice"
"Minecraft","minecraft:blue_orchid","minecraft:blue_orchid","Blue Orchid"
"Minecraft","minecraft:blue_shulker_box","minecraft:blue_shulker_box","Blue Shulker Box"
"Minecraft","minecraft:blue_stained_glass","minecraft:blue_stained_glass","Blue Stained Glass"
"Minecraft","minecraft:blue_stained_glass_pane","minecraft:blue_stained_glass_pane","Blue Stained Glass Pane"
"Minecraft","minecraft:blue_terracotta","minecraft:blue_terracotta","Blue Terracotta"
"Minecraft","minecraft:blue_wall_banner","minecraft:blue_banner","Blue Banner"
"Minecraft","minecraft:blue_wool","minecraft:blue_wool","Blue Wool"
"Minecraft","minecraft:bone_block","minecraft:bone_block","Bone Block"
"Minecraft","minecraft:bookshelf","minecraft:bookshelf","Bookshelf"
"Minecraft","minecraft:brain_coral","minecraft:brain_coral","Brain Coral"
"Minecraft","minecraft:brain_coral_block","minecraft:brain_coral_block","Brain Coral Block"
"Minecraft","minecraft:brain_coral_fan","minecraft:brain_coral_fan","Brain Coral Fan"
"Minecraft","minecraft:brain_coral_wall_fan","minecraft:brain_coral_fan","Brain Coral Fan"
"Minecraft","minecraft:brewing_stand","minecraft:brewing_stand","Brewing Stand"
"Minecraft","minecraft:brick_slab","minecraft:brick_slab","Brick Slab"
"Minecraft","minecraft:brick_stairs","minecraft:brick_stairs","Brick Stairs"
"Minecraft","minecraft:brick_wall","minecraft:brick_wall","Brick Wall"
"Minecraft","minecraft:bricks","minecraft:bricks","Bricks"
"Minecraft","minecraft:brown_banner","minecraft:brown_banner","Brown Banner"
"Minecraft","minecraft:brown_bed","minecraft:brown_bed","Brown Bed"
"Minecraft","minecraft:brown_candle","minecraft:brown_candle","Brown Candle"
"Minecraft","minecraft:brown_candle_cake","","Cake with Brown Candle"
"Minecraft","minecraft:brown_carpet","minecraft:brown_carpet","Brown Carpet"
"Minecraft","minecraft:brown_concrete","minecraft:brown_concrete","Brown Concrete"
"Minecraft","minecraft:brown_concrete_powder","minecraft:brown_concrete_powder","Brown Concrete Powder"
"Minecraft","minecraft:brown_glazed_terracotta","minecraft:brown_glazed_terracotta","Brown Glazed Terracotta"
"Minecraft","minecraft:brown_mushroom","minecraft:brown_mushroom","Brown Mushroom"
"Minecraft","minecraft:brown_mushroom_block","minecraft:brown_mushroom_block","Brown Mushroom Block"
"Minecraft","minecraft:brown_shulker_box","minecraft:brown_shulker_box","Brown Shulker Box"
"Minecraft","minecraft:brown_stained_glass","minecraft:brown_stained_glass","Brown Stained Glass"
"Minecraft","minecraft:brown_stained_glass_pane","minecraft:brown_stained_glass_pane","Brown Stained Glass Pane"
"Minecraft","minecraft:brown_terracotta","minecraft:brown_terracotta","Brown Terracotta"
"Minecraft","minecraft:brown_wall_banner","minecraft:brown_banner","Brown Banner"
"Minecraft","minecraft:brown_wool","minecraft:brown_wool","Brown Wool"
"Minecraft","minecraft:bubble_column","","Bubble Column"
"Minecraft","minecraft:bubble_coral","minecraft:bubble_coral","Bubble Coral"
"Minecraft","minecraft:bubble_coral_block","minecraft:bubble_coral_block","Bubble Coral Block"
"Minecraft","minecraft:bubble_coral_fan","minecraft:bubble_coral_fan","Bubble Coral Fan"
"Minecraft","minecraft:bubble_coral_wall_fan","minecraft:bubble_coral_fan","Bubble Coral Fan"
"Minecraft","minecraft:budding_amethyst","minecraft:budding_amethyst","Budding Amethyst"
"Minecraft","minecraft:cactus","minecraft:cactus","Cactus"
"Minecraft","minecraft:cake","minecraft:cake","Cake"
"Minecraft","minecraft:calcite","minecraft:calcite","Calcite"
"Minecraft","minecraft:campfire","minecraft:campfire","Campfire"
"Minecraft","minecraft:candle","minecraft:candle","Candle"
"Minecraft","minecraft:candle_cake","","Cake with Candle"
"Minecraft","minecraft:carrots","minecraft:carrot","Carrot"
"Minecraft","minecraft:cartography_table","minecraft:cartography_table","Cartography Table"
"Minecraft","minecraft:carved_pumpkin","minecraft:carved_pumpkin","Carved Pumpkin"
"Minecraft","minecraft:cauldron","minecraft:cauldron","Cauldron"
"Minecraft","minecraft:cave_air","","Cave Air"
"Minecraft","minecraft:cave_vines","minecraft:glow_berries","Glow Berries"
"Minecraft","minecraft:cave_vines_plant","","Cave Vines Plant"
"Minecraft","minecraft:chain","minecraft:chain","Chain"
"Minecraft","minecraft:chain_command_block","minecraft:chain_command_block","Chain Command Block"
"Minecraft","minecraft:chest","minecraft:chest","Chest"
"Minecraft","minecraft:chipped_anvil","minecraft:chipped_anvil","Chipped Anvil"
"Minecraft","minecraft:chiseled_deepslate","minecraft:chiseled_deepslate","Chiseled Deepslate"
"Minecraft","minecraft:chiseled_nether_bricks","minecraft:chiseled_nether_bricks","Chiseled Nether Bricks"
"Minecraft","minecraft:chiseled_polished_blackstone","minecraft:chiseled_polished_blackstone","Chiseled Polished Blackstone"
"Minecraft","minecraft:chiseled_quartz_block","minecraft:chiseled_quartz_block","Chiseled Quartz Block"
"Minecraft","minecraft:chiseled_red_sandstone","minecraft:chiseled_red_sandstone","Chiseled Red Sandstone"
"Minecraft","minecraft:chiseled_sandstone","minecraft:chiseled_sandstone","Chiseled Sandstone"
"Minecraft","minecraft:chiseled_stone_bricks","minecraft:chiseled_stone_bricks","Chiseled Stone Bricks"
"Minecraft","minecraft:chorus_flower","minecraft:chorus_flower","Chorus Flower"
"Minecraft","minecraft:chorus_plant","minecraft:chorus_plant","Chorus Plant"
"Minecraft","minecraft:clay","minecraft:clay","Clay"
"Minecraft","minecraft:coal_block","minecraft:coal_block","Block of Coal"
"Minecraft","minecraft:coal_ore","minecraft:coal_ore","Coal Ore"
"Minecraft","minecraft:coarse_dirt","minecraft:coarse_dirt","Coarse Dirt"
"Minecraft","minecraft:cobbled_deepslate","minecraft:cobbled_deepslate","Cobbled Deepslate"
"Minecraft","minecraft:cobbled_deepslate_slab","minecraft:cobbled_deepslate_slab","Cobbled Deepslate Slab"
"Minecraft","minecraft:cobbled_deepslate_stairs","minecraft:cobbled_deepslate_stairs","Cobbled Deepslate Stairs"
"Minecraft","minecraft:cobbled_deepslate_wall","minecraft:cobbled_deepslate_wall","Cobbled Deepslate Wall"
"Minecraft","minecraft:cobblestone","minecraft:cobblestone","Cobblestone"
"Minecraft","minecraft:cobblestone_slab","minecraft:cobblestone_slab","Cobblestone Slab"
"Minecraft","minecraft:cobblestone_stairs","minecraft:cobblestone_stairs","Cobblestone Stairs"
"Minecraft","minecraft:cobblestone_wall","minecraft:cobblestone_wall","Cobblestone Wall"
"Minecraft","minecraft:cobweb","minecraft:cobweb","Cobweb"
"Minecraft","minecraft:cocoa","minecraft:cocoa_beans","Cocoa Beans"
"Minecraft","minecraft:command_block","minecraft:command_block","Command Block"
"Minecraft","minecraft:comparator","minecraft:comparator","Redstone Comparator"
"Minecraft","minecraft:composter","minecraft:composter","Composter"
"Minecraft","minecraft:conduit","minecraft:conduit","Conduit"
"Minecraft","minecraft:copper_block","minecraft:copper_block","Block of Copper"
"Minecraft","minecraft:copper_ore","minecraft:copper_ore","Copper Ore"
"Minecraft","minecraft:cornflower","minecraft:cornflower","Cornflower"
"Minecraft","minecraft:cracked_deepslate_bricks","minecraft:cracked_deepslate_bricks","Cracked Deepslate Bricks"
"Minecraft","minecraft:cracked_deepslate_tiles","minecraft:cracked_deepslate_tiles","Cracked Deepslate Tiles"
"Minecraft","minecraft:cracked_nether_bricks","minecraft:cracked_nether_bricks","Cracked Nether Bricks"
"Minecraft","minecraft:cracked_polished_blackstone_bricks","minecraft:cracked_polished_blackstone_bricks","Cracked Polished Blackstone Bricks"
"Minecraft","minecraft:cracked_stone_bricks","minecraft:cracked_stone_bricks","Cracked Stone Bricks"
"Minecraft","minecraft:crafting_table","minecraft:crafting_table","Crafting Table"
"Minecraft","minecraft:creeper_head","minecraft:creeper_head","Creeper Head"
"Minecraft","minecraft:creeper_wall_head","minecraft:creeper_head","Creeper Head"
"Minecraft","minecraft:crimson_button","minecraft:crimson_button","Crimson Button"
"Minecraft","minecraft:crimson_door","minecraft:crimson_door","Crimson Door"
"Minecraft","minecraft:crimson_fence","minecraft:crimson_fence","Crimson Fence"
"Minecraft","minecraft:crimson_fence_gate","minecraft:crimson_fence_gate","Crimson Fence Gate"
"Minecraft","minecraft:crimson_fungus","minecraft:crimson_fungus","Crimson Fungus"
"Minecraft","minecraft:crimson_hyphae","minecraft:crimson_hyphae","Crimson Hyphae"
"Minecraft","minecraft:crimson_nylium","minecraft:crimson_nylium","Crimson Nylium"
"Minecraft","minecraft:crimson_planks","minecraft:crimson_planks","Crimson Planks"
"Minecraft","minecraft:crimson_pressure_plate","minecraft:crimson_pressure_plate","Crimson Pressure Plate"
"Minecraft","minecraft:crimson_roots","minecraft:crimson_roots","Crimson Roots"
"Minecraft","minecraft:crimson_sign","minecraft:crimson_sign","Crimson Sign"
"Minecraft","minecraft:crimson_slab","minecraft:crimson_slab","Crimson Slab"
"Minecraft","minecraft:crimson_stairs","minecraft:crimson_stairs","Crimson Stairs"
"Minecraft","minecraft:crimson_stem","minecraft:crimson_stem","Crimson Stem"
"Minecraft","minecraft:crimson_trapdoor","minecraft:crimson_trapdoor","Crimson Trapdoor"
"Minecraft","minecraft:crimson_wall_sign","minecraft:crimson_sign","Crimson Sign"
"Minecraft","minecraft:crying_obsidian","minecraft:crying_obsidian","Crying Obsidian"
"Minecraft","minecraft:cut_copper","minecraft:cut_copper","Cut Copper"
"Minecraft","minecraft:cut_copper_slab","minecraft:cut_copper_slab","Cut Copper Slab"
"Minecraft","minecraft:cut_copper_stairs","minecraft:cut_copper_stairs","Cut Copper Stairs"
"Minecraft","minecraft:cut_red_sandstone","minecraft:cut_red_sandstone","Cut Red Sandstone"
"Minecraft","minecraft:cut_red_sandstone_slab","minecraft:cut_red_sandstone_slab","Cut Red Sandstone Slab"
"Minecraft","minecraft:cut_sandstone","minecraft:cut_sandstone","Cut Sandstone"
"Minecraft","minecraft:cut_sandstone_slab","minecraft:cut_sandstone_slab","Cut Sandstone Slab"
"Minecraft","minecraft:cyan_banner","minecraft:cyan_banner","Cyan Banner"
"Minecraft","minecraft:cyan_bed","minecraft:cyan_bed","Cyan Bed"
"Minecraft","minecraft:cyan_candle","minecraft:cyan_candle","Cyan Candle"
"Minecraft","minecraft:cyan_candle_cake","","Cake with Cyan Candle"
"Minecraft","minecraft:cyan_carpet","minecraft:cyan_carpet","Cyan Carpet"
"Minecraft","minecraft:cyan_concrete","minecraft:cyan_concrete","Cyan Concrete"
"Minecraft","minecraft:cyan_concrete_powder","minecraft:cyan_concrete_powder","Cyan Concrete Powder"
"Minecraft","minecraft:cyan_glazed_terracotta","minecraft:cyan_glazed_terracotta","Cyan Glazed Terracotta"
"Minecraft","minecraft:cyan_shulker_box","minecraft:cyan_shulker_box","Cyan Shulker Box"
"Minecraft","minecraft:cyan_stained_glass","minecraft:cyan_stained_glass","Cyan Stained Glass"
"Minecraft","minecraft:cyan_stained_glass_pane","minecraft:cyan_stained_glass_pane","Cyan Stained Glass Pane"
"Minecraft","minecraft:cyan_terracotta","minecraft:cyan_terracotta","Cyan Terracotta"
"Minecraft","minecraft:cyan_wall_banner","minecraft:cyan_banner","Cyan Banner"
"Minecraft","minecraft:cyan_wool","minecraft:cyan_wool","Cyan Wool"
"Minecraft","minecraft:damaged_anvil","minecraft:damaged_anvil","Damaged Anvil"
"Minecraft","minecraft:dandelion","minecraft:dandelion","Dandelion"
"Minecraft","minecraft:dark_oak_button","minecraft:dark_oak_button","Dark Oak Button"
"Minecraft","minecraft:dark_oak_door","minecraft:dark_oak_door","Dark Oak Door"
"Minecraft","minecraft:dark_oak_fence","minecraft:dark_oak_fence","Dark Oak Fence"
"Minecraft","minecraft:dark_oak_fence_gate","minecraft:dark_oak_fence_gate","Dark Oak Fence Gate"
"Minecraft","minecraft:dark_oak_leaves","minecraft:dark_oak_leaves","Dark Oak Leaves"
"Minecraft","minecraft:dark_oak_log","minecraft:dark_oak_log","Dark Oak Log"
"Minecraft","minecraft:dark_oak_planks","minecraft:dark_oak_planks","Dark Oak Planks"
"Minecraft","minecraft:dark_oak_pressure_plate","minecraft:dark_oak_pressure_plate","Dark Oak Pressure Plate"
"Minecraft","minecraft:dark_oak_sapling","minecraft:dark_oak_sapling","Dark Oak Sapling"
"Minecraft","minecraft:dark_oak_sign","minecraft:dark_oak_sign","Dark Oak Sign"
"Minecraft","minecraft:dark_oak_slab","minecraft:dark_oak_slab","Dark Oak Slab"
"Minecraft","minecraft:dark_oak_stairs","minecraft:dark_oak_stairs","Dark Oak Stairs"
"Minecraft","minecraft:dark_oak_trapdoor","minecraft:dark_oak_trapdoor","Dark Oak Trapdoor"
"Minecraft","minecraft:dark_oak_wall_sign","minecraft:dark_oak_sign","Dark Oak Sign"
"Minecraft","minecraft:dark_oak_wood","minecraft:dark_oak_wood","Dark Oak Wood"
"Minecraft","minecraft:dark_prismarine","minecraft:dark_prismarine","Dark Prismarine"
"Minecraft","minecraft:dark_prismarine_slab","minecraft:dark_prismarine_slab","Dark Prismarine Slab"
"Minecraft","minecraft:dark_prismarine_stairs","minecraft:dark_prismarine_stairs","Dark Prismarine Stairs"
"Minecraft","minecraft:daylight_detector","minecraft:daylight_detector","Daylight Detector"
"Minecraft","minecraft:dead_brain_coral","minecraft:dead_brain_coral","Dead Brain Coral"
"Minecraft","minecraft:dead_brain_coral_block","minecraft:dead_brain_coral_block","Dead Brain Coral Block"
"Minecraft","minecraft:dead_brain_coral_fan","minecraft:dead_brain_coral_fan","Dead Brain Coral Fan"
"Minecraft","minecraft:dead_brain_coral_wall_fan","minecraft:dead_brain_coral_fan","Dead Brain Coral Fan"
"Minecraft","minecraft:dead_bubble_coral","minecraft:dead_bubble_coral","Dead Bubble Coral"
"Minecraft","minecraft:dead_bubble_coral_block","minecraft:dead_bubble_coral_block","Dead Bubble Coral Block"
"Minecraft","minecraft:dead_bubble_coral_fan","minecraft:dead_bubble_coral_fan","Dead Bubble Coral Fan"
"Minecraft","minecraft:dead_bubble_coral_wall_fan","minecraft:dead_bubble_coral_fan","Dead Bubble Coral Fan"
"Minecraft","minecraft:dead_bush","minecraft:dead_bush","Dead Bush"
"Minecraft","minecraft:dead_fire_coral","minecraft:dead_fire_coral","Dead Fire Coral"
"Minecraft","minecraft:dead_fire_coral_block","minecraft:dead_fire_coral_block","Dead Fire Coral Block"
"Minecraft","minecraft:dead_fire_coral_fan","minecraft:dead_fire_coral_fan","Dead Fire Coral Fan"
"Minecraft","minecraft:dead_fire_coral_wall_fan","minecraft:dead_fire_coral_fan","Dead Fire Coral Fan"
"Minecraft","minecraft:dead_horn_coral","minecraft:dead_horn_coral","Dead Horn Coral"
"Minecraft","minecraft:dead_horn_coral_block","minecraft:dead_horn_coral_block","Dead Horn Coral Block"
"Minecraft","minecraft:dead_horn_coral_fan","minecraft:dead_horn_coral_fan","Dead Horn Coral Fan"
"Minecraft","minecraft:dead_horn_coral_wall_fan","minecraft:dead_horn_coral_fan","Dead Horn Coral Fan"
"Minecraft","minecraft:dead_tube_coral","minecraft:dead_tube_coral","Dead Tube Coral"
"Minecraft","minecraft:dead_tube_coral_block","minecraft:dead_tube_coral_block","Dead Tube Coral Block"
"Minecraft","minecraft:dead_tube_coral_fan","minecraft:dead_tube_coral_fan","Dead Tube Coral Fan"
"Minecraft","minecraft:dead_tube_coral_wall_fan","minecraft:dead_tube_coral_fan","Dead Tube Coral Fan"
"Minecraft","minecraft:deepslate","minecraft:deepslate","Deepslate"
"Minecraft","minecraft:deepslate_brick_slab","minecraft:deepslate_brick_slab","Deepslate Brick Slab"
"Minecraft","minecraft:deepslate_brick_stairs","minecraft:deepslate_brick_stairs","Deepslate Brick Stairs"
"Minecraft","minecraft:deepslate_brick_wall","minecraft:deepslate_brick_wall","Deepslate Brick Wall"
"Minecraft","minecraft:deepslate_bricks","minecraft:deepslate_bricks","Deepslate Bricks"
"Minecraft","minecraft:deepslate_coal_ore","minecraft:deepslate_coal_ore","Deepslate Coal Ore"
"Minecraft","minecraft:deepslate_copper_ore","minecraft:deepslate_copper_ore","Deepslate Copper Ore"
"Minecraft","minecraft:deepslate_diamond_ore","minecraft:deepslate_diamond_ore","Deepslate Diamond Ore"
"Minecraft","minecraft:deepslate_emerald_ore","minecraft:deepslate_emerald_ore","Deepslate Emerald Ore"
"Minecraft","minecraft:deepslate_gold_ore","minecraft:deepslate_gold_ore","Deepslate Gold Ore"
"Minecraft","minecraft:deepslate_iron_ore","minecraft:deepslate_iron_ore","Deepslate Iron Ore"
"Minecraft","minecraft:deepslate_lapis_ore","minecraft:deepslate_lapis_ore","Deepslate Lapis Lazuli Ore"
"Minecraft","minecraft:deepslate_redstone_ore","minecraft:deepslate_redstone_ore","Deepslate Redstone Ore"
"Minecraft","minecraft:deepslate_tile_slab","minecraft:deepslate_tile_slab","Deepslate Tile Slab"
"Minecraft","minecraft:deepslate_tile_stairs","minecraft:deepslate_tile_stairs","Deepslate Tile Stairs"
"Minecraft","minecraft:deepslate_tile_wall","minecraft:deepslate_tile_wall","Deepslate Tile Wall"
"Minecraft","minecraft:deepslate_tiles","minecraft:deepslate_tiles","Deepslate Tiles"
"Minecraft","minecraft:detector_rail","minecraft:detector_rail","Detector Rail"
"Minecraft","minecraft:diamond_block","minecraft:diamond_block","Block of Diamond"
"Minecraft","minecraft:diamond_ore","minecraft:diamond_ore","Diamond Ore"
"Minecraft","minecraft:diorite","minecraft:diorite","Diorite"
"Minecraft","minecraft:diorite_slab","minecraft:diorite_slab","Diorite Slab"
"Minecraft","minecraft:diorite_stairs","minecraft:diorite_stairs","Diorite Stairs"
"Minecraft","minecraft:diorite_wall","minecraft:diorite_wall","Diorite Wall"
"Minecraft","minecraft:dirt","minecraft:dirt","Dirt"
"Minecraft","minecraft:dirt_path","minecraft:dirt_path","Dirt Path"
"Minecraft","minecraft:dispenser","minecraft:dispenser","Dispenser"
"Minecraft","minecraft:dragon_egg","minecraft:dragon_egg","Dragon Egg"
"Minecraft","minecraft:dragon_head","minecraft:dragon_head","Dragon Head"
"Minecraft","minecraft:dragon_wall_head","minecraft:dragon_head","Dragon Head"
"Minecraft","minecraft:dried_kelp_block","minecraft:dried_kelp_block","Dried Kelp Block"
"Minecraft","minecraft:dripstone_block","minecraft:dripstone_block","Dripstone Block"
"Minecraft","minecraft:dropper","minecraft:dropper","Dropper"
"Minecraft","minecraft:emerald_block","minecraft:emerald_block","Block of Emerald"
"Minecraft","minecraft:emerald_ore","minecraft:emerald_ore","Emerald Ore"
"Minecraft","minecraft:enchanting_table","minecraft:enchanting_table","Enchanting Table"
"Minecraft","minecraft:end_gateway","","End Gateway"
"Minecraft","minecraft:end_portal","","End Portal"
"Minecraft","minecraft:end_portal_frame","minecraft:end_portal_frame","End Portal Frame"
"Minecraft","minecraft:end_rod","minecraft:end_rod","End Rod"
"Minecraft","minecraft:end_stone","minecraft:end_stone","End Stone"
"Minecraft","minecraft:end_stone_brick_slab","minecraft:end_stone_brick_slab","End Stone Brick Slab"
"Minecraft","minecraft:end_stone_brick_stairs","minecraft:end_stone_brick_stairs","End Stone Brick Stairs"
"Minecraft","minecraft:end_stone_brick_wall","minecraft:end_stone_brick_wall","End Stone Brick Wall"
"Minecraft","minecraft:end_stone_bricks","minecraft:end_stone_bricks","End Stone Bricks"
"Minecraft","minecraft:ender_chest","minecraft:ender_chest","Ender Chest"
"Minecraft","minecraft:exposed_copper","minecraft:exposed_copper","Exposed Copper"
"Minecraft","minecraft:exposed_cut_copper","minecraft:exposed_cut_copper","Exposed Cut Copper"
"Minecraft","minecraft:exposed_cut_copper_slab","minecraft:exposed_cut_copper_slab","Exposed Cut Copper Slab"
"Minecraft","minecraft:exposed_cut_copper_stairs","minecraft:exposed_cut_copper_stairs","Exposed Cut Copper Stairs"
"Minecraft","minecraft:farmland","minecraft:farmland","Farmland"
"Minecraft","minecraft:fern","minecraft:fern","Fern"
"Minecraft","minecraft:fire","","Fire"
"Minecraft","minecraft:fire_coral","minecraft:fire_coral","Fire Coral"
"Minecraft","minecraft:fire_coral_block","minecraft:fire_coral_block","Fire Coral Block"
"Minecraft","minecraft:fire_coral_fan","minecraft:fire_coral_fan","Fire Coral Fan"
"Minecraft","minecraft:fire_coral_wall_fan","minecraft:fire_coral_fan","Fire Coral Fan"
"Minecraft","minecraft:fletching_table","minecraft:fletching_table","Fletching Table"
"Minecraft","minecraft:flower_pot","minecraft:flower_pot","Flower Pot"
"Minecraft","minecraft:flowering_azalea","minecraft:flowering_azalea","Flowering Azalea"
"Minecraft","minecraft:flowering_azalea_leaves","minecraft:flowering_azalea_leaves","Flowering Azalea Leaves"
"Minecraft","minecraft:frogspawn","minecraft:frogspawn","Frogspawn"
"Minecraft","minecraft:frosted_ice","","Frosted Ice"
"Minecraft","minecraft:furnace","minecraft:furnace","Furnace"
"Minecraft","minecraft:gilded_blackstone","minecraft:gilded_blackstone","Gilded Blackstone"
"Minecraft","minecraft:glass","minecraft:glass","Glass"
"Minecraft","minecraft:glass_pane","minecraft:glass_pane","Glass Pane"
"Minecraft","minecraft:glow_lichen","minecraft:glow_lichen","Glow Lichen"
"Minecraft","minecraft:glowstone","minecraft:glowstone","Glowstone"
"Minecraft","minecraft:gold_block","minecraft:gold_block","Block of Gold"
"Minecraft","minecraft:gold_ore","minecraft:gold_ore","Gold Ore"
"Minecraft","minecraft:granite","minecraft:granite","Granite"
"Minecraft","minecraft:granite_slab","minecraft:granite_slab","Granite Slab"
"Minecraft","minecraft:granite_stairs","minecraft:granite_stairs","Granite Stairs"
"Minecraft","minecraft:granite_wall","minecraft:granite_wall","Granite Wall"
"Minecraft","minecraft:grass","minecraft:grass","Grass"
"Minecraft","minecraft:grass_block","minecraft:grass_block","Grass Block"
"Minecraft","minecraft:gravel","minecraft:gravel","Gravel"
"Minecraft","minecraft:gray_banner","minecraft:gray_banner","Gray Banner"
"Minecraft","minecraft:gray_bed","minecraft:gray_bed","Gray Bed"
"Minecraft","minecraft:gray_candle","minecraft:gray_candle","Gray Candle"
"Minecraft","minecraft:gray_candle_cake","","Cake with Gray Candle"
"Minecraft","minecraft:gray_carpet","minecraft:gray_carpet","Gray Carpet"
"Minecraft","minecraft:gray_concrete","minecraft:gray_concrete","Gray Concrete"
"Minecraft","minecraft:gray_concrete_powder","minecraft:gray_concrete_powder","Gray Concrete Powder"
"Minecraft","minecraft:gray_glazed_terracotta","minecraft:gray_glazed_terracotta","Gray Glazed Terracotta"
"Minecraft","minecraft:gray_shulker_box","minecraft:gray_shulker_box","Gray Shulker Box"
"Minecraft","minecraft:gray_stained_glass","minecraft:gray_stained_glass","Gray Stained Glass"
"Minecraft","minecraft:gray_stained_glass_pane","minecraft:gray_stained_glass_pane","Gray Stained Glass Pane"
"Minecraft","minecraft:gray_terracotta","minecraft:gray_terracotta","Gray Terracotta"
"Minecraft","minecraft:gray_wall_banner","minecraft:gray_banner","Gray Banner"
"Minecraft","minecraft:gray_wool","minecraft:gray_wool","Gray Wool"
"Minecraft","minecraft:green_banner","minecraft:green_banner","Green Banner"
"Minecraft","minecraft:green_bed","minecraft:green_bed","Green Bed"
"Minecraft","minecraft:green_candle","minecraft:green_candle","Green Candle"
"Minecraft","minecraft:green_candle_cake","","Cake with Green Candle"
"Minecraft","minecraft:green_carpet","minecraft:green_carpet","Green Carpet"
"Minecraft","minecraft:green_concrete","minecraft:green_concrete","Green Concrete"
"Minecraft","minecraft:green_concrete_powder","minecraft:green_concrete_powder","Green Concrete Powder"
"Minecraft","minecraft:green_glazed_terracotta","minecraft:green_glazed_terracotta","Green Glazed Terracotta"
"Minecraft","minecraft:green_shulker_box","minecraft:green_shulker_box","Green Shulker Box"
"Minecraft","minecraft:green_stained_glass","minecraft:green_stained_glass","Green Stained Glass"
"Minecraft","minecraft:green_stained_glass_pane","minecraft:green_stained_glass_pane","Green Stained Glass Pane"
"Minecraft","minecraft:green_terracotta","minecraft:green_terracotta","Green Terracotta"
"Minecraft","minecraft:green_wall_banner","minecraft:green_banner","Green Banner"
"Minecraft","minecraft:green_wool","minecraft:green_wool","Green Wool"
"Minecraft","minecraft:grindstone","minecraft:grindstone","Grindstone"
"Minecraft","minecraft:hanging_roots","minecraft:hanging_roots","Hanging Roots"
"Minecraft","minecraft:hay_block","minecraft:hay_block","Hay Bale"
"Minecraft","minecraft:heavy_weighted_pressure_plate","minecraft:heavy_weighted_pressure_plate","Heavy Weighted Pressure Plate"
"Minecraft","minecraft:honey_block","minecraft:honey_block","Honey Block"
"Minecraft","minecraft:honeycomb_block","minecraft:honeycomb_block","Honeycomb Block"
"Minecraft","minecraft:hopper","minecraft:hopper","Hopper"
"Minecraft","minecraft:horn_coral","minecraft:horn_coral","Horn Coral"
"Minecraft","minecraft:horn_coral_block","minecraft:horn_coral_block","Horn Coral Block"
"Minecraft","minecraft:horn_coral_fan","minecraft:horn_coral_fan","Horn Coral Fan"
"Minecraft","minecraft:horn_coral_wall_fan","minecraft:horn_coral_fan","Horn Coral Fan"
"Minecraft","minecraft:ice","minecraft:ice","Ice"
"Minecraft","minecraft:infested_chiseled_stone_bricks","minecraft:infested_chiseled_stone_bricks","Infested Chiseled Stone Bricks"
"Minecraft","minecraft:infested_cobblestone","minecraft:infested_cobblestone","Infested Cobblestone"
"Minecraft","minecraft:infested_cracked_stone_bricks","minecraft:infested_cracked_stone_bricks","Infested Cracked Stone Bricks"
"Minecraft","minecraft:infested_deepslate","minecraft:infested_deepslate","Infested Deepslate"
"Minecraft","minecraft:infested_mossy_stone_bricks","minecraft:infested_mossy_stone_bricks","Infested Mossy Stone Bricks"
"Minecraft","minecraft:infested_stone","minecraft:infested_stone","Infested Stone"
"Minecraft","minecraft:infested_stone_bricks","minecraft:infested_stone_bricks","Infested Stone Bricks"
"Minecraft","minecraft:iron_bars","minecraft:iron_bars","Iron Bars"
"Minecraft","minecraft:iron_block","minecraft:iron_block","Block of Iron"
"Minecraft","minecraft:iron_door","minecraft:iron_door","Iron Door"
"Minecraft","minecraft:iron_ore","minecraft:iron_ore","Iron Ore"
"Minecraft","minecraft:iron_trapdoor","minecraft:iron_trapdoor","Iron Trapdoor"
"Minecraft","minecraft:jack_o_lantern","minecraft:jack_o_lantern","Jack o'Lantern"
"Minecraft","minecraft:jigsaw","minecraft:jigsaw","Jigsaw Block"
"Minecraft","minecraft:jukebox","minecraft:jukebox","Jukebox"
"Minecraft","minecraft:jungle_button","minecraft:jungle_button","Jungle Button"
"Minecraft","minecraft:jungle_door","minecraft:jungle_door","Jungle Door"
"Minecraft","minecraft:jungle_fence","minecraft:jungle_fence","Jungle Fence"
"Minecraft","minecraft:jungle_fence_gate","minecraft:jungle_fence_gate","Jungle Fence Gate"
"Minecraft","minecraft:jungle_leaves","minecraft:jungle_leaves","Jungle Leaves"
"Minecraft","minecraft:jungle_log","minecraft:jungle_log","Jungle Log"
"Minecraft","minecraft:jungle_planks","minecraft:jungle_planks","Jungle Planks"
"Minecraft","minecraft:jungle_pressure_plate","minecraft:jungle_pressure_plate","Jungle Pressure Plate"
"Minecraft","minecraft:jungle_sapling","minecraft:jungle_sapling","Jungle Sapling"
"Minecraft","minecraft:jungle_sign","minecraft:jungle_sign","Jungle Sign"
"Minecraft","minecraft:jungle_slab","minecraft:jungle_slab","Jungle Slab"
"Minecraft","minecraft:jungle_stairs","minecraft:jungle_stairs","Jungle Stairs"
"Minecraft","minecraft:jungle_trapdoor","minecraft:jungle_trapdoor","Jungle Trapdoor"
"Minecraft","minecraft:jungle_wall_sign","minecraft:jungle_sign","Jungle Sign"
"Minecraft","minecraft:jungle_wood","minecraft:jungle_wood","Jungle Wood"
"Minecraft","minecraft:kelp","minecraft:kelp","Kelp"
"Minecraft","minecraft:kelp_plant","","Kelp Plant"
"Minecraft","minecraft:ladder","minecraft:ladder","Ladder"
"Minecraft","minecraft:lantern","minecraft:lantern","Lantern"
"Minecraft","minecraft:lapis_block","minecraft:lapis_block","Block of Lapis Lazuli"
"Minecraft","minecraft:lapis_ore","minecraft:lapis_ore","Lapis Lazuli Ore"
"Minecraft","minecraft:large_amethyst_bud","minecraft:large_amethyst_bud","Large Amethyst Bud"
"Minecraft","minecraft:large_fern","minecraft:large_fern","Large Fern"
"Minecraft","minecraft:lava","","Lava"
"Minecraft","minecraft:lava_cauldron","minecraft:cauldron","Cauldron"
"Minecraft","minecraft:lectern","minecraft:lectern","Lectern"
"Minecraft","minecraft:lever","minecraft:lever","Lever"
"Minecraft","minecraft:light","minecraft:light","Light"
"Minecraft","minecraft:light_blue_banner","minecraft:light_blue_banner","Light Blue Banner"
"Minecraft","minecraft:light_blue_bed","minecraft:light_blue_bed","Light Blue Bed"
"Minecraft","minecraft:light_blue_candle","minecraft:light_blue_candle","Light Blue Candle"
"Minecraft","minecraft:light_blue_candle_cake","","Cake with Light Blue Candle"
"Minecraft","minecraft:light_blue_carpet","minecraft:light_blue_carpet","Light Blue Carpet"
"Minecraft","minecraft:light_blue_concrete","minecraft:light_blue_concrete","Light Blue Concrete"
"Minecraft","minecraft:light_blue_concrete_powder","minecraft:light_blue_concrete_powder","Light Blue Concrete Powder"
"Minecraft","minecraft:light_blue_glazed_terracotta","minecraft:light_blue_glazed_terracotta","Light Blue Glazed Terracotta"
"Minecraft","minecraft:light_blue_shulker_box","minecraft:light_blue_shulker_box","Light Blue Shulker Box"
"Minecraft","minecraft:light_blue_stained_glass","minecraft:light_blue_stained_glass","Light Blue Stained Glass"
"Minecraft","minecraft:light_blue_stained_glass_pane","minecraft:light_blue_stained_glass_pane","Light Blue Stained Glass Pane"
"Minecraft","minecraft:light_blue_terracotta","minecraft:light_blue_terracotta","Light Blue Terracotta"
"Minecraft","minecraft:light_blue_wall_banner","minecraft:light_blue_banner","Light Blue Banner"
"Minecraft","minecraft:light_blue_wool","minecraft:light_blue_wool","Light Blue Wool"
"Minecraft","minecraft:light_gray_banner","minecraft:light_gray_banner","Light Gray Banner"
"Minecraft","minecraft:light_gray_bed","minecraft:light_gray_bed","Light Gray Bed"
"Minecraft","minecraft:light_gray_candle","minecraft:light_gray_candle","Light Gray Candle"
"Minecraft","minecraft:light_gray_candle_cake","","Cake with Light Gray Candle"
"Minecraft","minecraft:light_gray_carpet","minecraft:light_gray_carpet","Light Gray Carpet"
"Minecraft","minecraft:light_gray_concrete","minecraft:light_gray_concrete","Light Gray Concrete"
"Minecraft","minecraft:light_gray_concrete_powder","minecraft:light_gray_concrete_powder","Light Gray Concrete Powder"
"Minecraft","minecraft:light_gray_glazed_terracotta","minecraft:light_gray_glazed_terracotta","Light Gray Glazed Terracotta"
"Minecraft","minecraft:light_gray_shulker_box","minecraft:light_gray_shulker_box","Light Gray Shulker Box"
"Minecraft","minecraft:light_gray_stained_glass","minecraft:light_gray_stained_glass","Light Gray Stained Glass"
"Minecraft","minecraft:light_gray_stained_glass_pane","minecraft:light_gray_stained_glass_pane","Light Gray Stained Glass Pane"
"Minecraft","minecraft:light_gray_terracotta","minecraft:light_gray_terracotta","Light Gray Terracotta"
"Minecraft","minecraft:light_gray_wall_banner","minecraft:light_gray_banner","Light Gray Banner"
"Minecraft","minecraft:light_gray_wool","minecraft:light_gray_wool","Light Gray Wool"
"Minecraft","minecraft:light_weighted_pressure_plate","minecraft:light_weighted_pressure_plate","Light Weighted Pressure Plate"
"Minecraft","minecraft:lightning_rod","minecraft:lightning_rod","Lightning Rod"
"Minecraft","minecraft:lilac","minecraft:lilac","Lilac"
"Minecraft","minecraft:lily_of_the_valley","minecraft:lily_of_the_valley","Lily of the Valley"
"Minecraft","minecraft:lily_pad","minecraft:lily_pad","Lily Pad"
"Minecraft","minecraft:lime_banner","minecraft:lime_banner","Lime Banner"
"Minecraft","minecraft:lime_bed","minecraft:lime_bed","Lime Bed"
"Minecraft","minecraft:lime_candle","minecraft:lime_candle","Lime Candle"
"Minecraft","minecraft:lime_candle_cake","","Cake with Lime Candle"
"Minecraft","minecraft:lime_carpet","minecraft:lime_carpet","Lime Carpet"
"Minecraft","minecraft:lime_concrete","minecraft:lime_concrete","Lime Concrete"
"Minecraft","minecraft:lime_concrete_powder","minecraft:lime_concrete_powder","Lime Concrete Powder"
"Minecraft","minecraft:lime_glazed_terracotta","minecraft:lime_glazed_terracotta","Lime Glazed Terracotta"
"Minecraft","minecraft:lime_shulker_box","minecraft:lime_shulker_box","Lime Shulker Box"
"Minecraft","minecraft:lime_stained_glass","minecraft:lime_stained_glass","Lime Stained Glass"
"Minecraft","minecraft:lime_stained_glass_pane","minecraft:lime_stained_glass_pane","Lime Stained Glass Pane"
"Minecraft","minecraft:lime_terracotta","minecraft:lime_terracotta","Lime Terracotta"
"Minecraft","minecraft:lime_wall_banner","minecraft:lime_banner","Lime Banner"
"Minecraft","minecraft:lime_wool","minecraft:lime_wool","Lime Wool"
"Minecraft","minecraft:lodestone","minecraft:lodestone","Lodestone"
"Minecraft","minecraft:loom","minecraft:loom","Loom"
"Minecraft","minecraft:magenta_banner","minecraft:magenta_banner","Magenta Banner"
"Minecraft","minecraft:magenta_bed","minecraft:magenta_bed","Magenta Bed"
"Minecraft","minecraft:magenta_candle","minecraft:magenta_candle","Magenta Candle"
"Minecraft","minecraft:magenta_candle_cake","","Cake with Magenta Candle"
"Minecraft","minecraft:magenta_carpet","minecraft:magenta_carpet","Magenta Carpet"
"Minecraft","minecraft:magenta_concrete","minecraft:magenta_concrete","Magenta Concrete"
"Minecraft","minecraft:magenta_concrete_powder","minecraft:magenta_concrete_powder","Magenta Concrete Powder"
"Minecraft","minecraft:magenta_glazed_terracotta","minecraft:magenta_glazed_terracotta","Magenta Glazed Terracotta"
"Minecraft","minecraft:magenta_shulker_box","minecraft:magenta_shulker_box","Magenta Shulker Box"
"Minecraft","minecraft:magenta_stained_glass","minecraft:magenta_stained_glass","Magenta Stained Glass"
"Minecraft","minecraft:magenta_stained_glass_pane","minecraft:magenta_stained_glass_pane","Magenta Stained Glass Pane"
"Minecraft","minecraft:magenta_terracotta","minecraft:magenta_terracotta","Magenta Terracotta"
"Minecraft","minecraft:magenta_wall_banner","minecraft:magenta_banner","Magenta Banner"
"Minecraft","minecraft:magenta_wool","minecraft:magenta_wool","Magenta Wool"
"Minecraft","minecraft:magma_block","minecraft:magma_block","Magma Block"
"Minecraft","minecraft:mangrove_button","minecraft:mangrove_button","Mangrove Button"
"Minecraft","minecraft:mangrove_door","minecraft:mangrove_door","Mangrove Door"
"Minecraft","minecraft:mangrove_fence","minecraft:mangrove_fence","Mangrove Fence"
"Minecraft","minecraft:mangrove_fence_gate","minecraft:mangrove_fence_gate","Mangrove Fence Gate"
"Minecraft","minecraft:mangrove_leaves","minecraft:mangrove_leaves","Mangrove Leaves"
"Minecraft","minecraft:mangrove_log","minecraft:mangrove_log","Mangrove Log"
"Minecraft","minecraft:mangrove_planks","minecraft:mangrove_planks","Mangrove Planks"
"Minecraft","minecraft:mangrove_pressure_plate","minecraft:mangrove_pressure_plate","Mangrove Pressure Plate"
"Minecraft","minecraft:mangrove_propagule","minecraft:mangrove_propagule","Mangrove Propagule"
"Minecraft","minecraft:mangrove_roots","minecraft:mangrove_roots","Mangrove Roots"
"Minecraft","minecraft:mangrove_sign","minecraft:mangrove_sign","Mangrove Sign"
"Minecraft","minecraft:mangrove_slab","minecraft:mangrove_slab","Mangrove Slab"
"Minecraft","minecraft:mangrove_stairs","minecraft:mangrove_stairs","Mangrove Stairs"
"Minecraft","minecraft:mangrove_trapdoor","minecraft:mangrove_trapdoor","Mangrove Trapdoor"
"Minecraft","minecraft:mangrove_wall_sign","minecraft:mangrove_sign","Mangrove Sign"
"Minecraft","minecraft:mangrove_wood","minecraft:mangrove_wood","Mangrove Wood"
"Minecraft","minecraft:medium_amethyst_bud","minecraft:medium_amethyst_bud","Medium Amethyst Bud"
"Minecraft","minecraft:melon","minecraft:melon","Melon"
"Minecraft","minecraft:melon_stem","minecraft:melon_seeds","Melon Seeds"
"Minecraft","minecraft:moss_block","minecraft:moss_block","Moss Block"
"Minecraft","minecraft:moss_carpet","minecraft:moss_carpet","Moss Carpet"
"Minecraft","minecraft:mossy_cobblestone","minecraft:mossy_cobblestone","Mossy Cobblestone"
"Minecraft","minecraft:mossy_cobblestone_slab","minecraft:mossy_cobblestone_slab","Mossy Cobblestone Slab"
"Minecraft","minecraft:mossy_cobblestone_stairs","minecraft:mossy_cobblestone_stairs","Mossy Cobblestone Stairs"
"Minecraft","minecraft:mossy_cobblestone_wall","minecraft:mossy_cobblestone_wall","Mossy Cobblestone Wall"
"Minecraft","minecraft:mossy_stone_brick_slab","minecraft:mossy_stone_brick_slab","Mossy Stone Brick Slab"
"Minecraft","minecraft:mossy_stone_brick_stairs","minecraft:mossy_stone_brick_stairs","Mossy Stone Brick Stairs"
"Minecraft","minecraft:mossy_stone_brick_wall","minecraft:mossy_stone_brick_wall","Mossy Stone Brick Wall"
"Minecraft","minecraft:mossy_stone_bricks","minecraft:mossy_stone_bricks","Mossy Stone Bricks"
"Minecraft","minecraft:moving_piston","","Moving Piston"
"Minecraft","minecraft:mud","minecraft:mud","Mud"
"Minecraft","minecraft:mud_brick_slab","minecraft:mud_brick_slab","Mud Brick Slab"
"Minecraft","minecraft:mud_brick_stairs","minecraft:mud_brick_stairs","Mud Brick Stairs"
"Minecraft","minecraft:mud_brick_wall","minecraft:mud_brick_wall","Mud Brick Wall"
"Minecraft","minecraft:mud_bricks","minecraft:mud_bricks","Mud Bricks"
"Minecraft","minecraft:muddy_mangrove_roots","minecraft:muddy_mangrove_roots","Muddy Mangrove Roots"
"Minecraft","minecraft:mushroom_stem","minecraft:mushroom_stem","Mushroom Stem"
"Minecraft","minecraft:mycelium","minecraft:mycelium","Mycelium"
"Minecraft","minecraft:nether_brick_fence","minecraft:nether_brick_fence","Nether Brick Fence"
"Minecraft","minecraft:nether_brick_slab","minecraft:nether_brick_slab","Nether Brick Slab"
"Minecraft","minecraft:nether_brick_stairs","minecraft:nether_brick_stairs","Nether Brick Stairs"
"Minecraft","minecraft:nether_brick_wall","minecraft:nether_brick_wall","Nether Brick Wall"
"Minecraft","minecraft:nether_bricks","minecraft:nether_bricks","Nether Bricks"
"Minecraft","minecraft:nether_gold_ore","minecraft:nether_gold_ore","Nether Gold Ore"
"Minecraft","minecraft:nether_portal","","Nether Portal"
"Minecraft","minecraft:nether_quartz_ore","minecraft:nether_quartz_ore","Nether Quartz Ore"
"Minecraft","minecraft:nether_sprouts","minecraft:nether_sprouts","Nether Sprouts"
"Minecraft","minecraft:nether_wart","minecraft:nether_wart","Nether Wart"
"Minecraft","minecraft:nether_wart_block","minecraft:nether_wart_block","Nether Wart Block"
"Minecraft","minecraft:netherite_block","minecraft:netherite_block","Block of Netherite"
"Minecraft","minecraft:netherrack","minecraft:netherrack","Netherrack"
"Minecraft","minecraft:note_block","minecraft:note_block","Note Block"
"Minecraft","minecraft:oak_button","minecraft:oak_button","Oak Button"
"Minecraft","minecraft:oak_door","minecraft:oak_door","Oak Door"
"Minecraft","minecraft:oak_fence","minecraft:oak_fence","Oak Fence"
"Minecraft","minecraft:oak_fence_gate","minecraft:oak_fence_gate","Oak Fence Gate"
"Minecraft","minecraft:oak_leaves","minecraft:oak_leaves","Oak Leaves"
"Minecraft","minecraft:oak_log","minecraft:oak_log","Oak Log"
"Minecraft","minecraft:oak_planks","minecraft:oak_planks","Oak Planks"
"Minecraft","minecraft:oak_pressure_plate","minecraft:oak_pressure_plate","Oak Pressure Plate"
"Minecraft","minecraft:oak_sapling","minecraft:oak_sapling","Oak Sapling"
"Minecraft","minecraft:oak_sign","minecraft:oak_sign","Oak Sign"
"Minecraft","minecraft:oak_slab","minecraft:oak_slab","Oak Slab"
"Minecraft","minecraft:oak_stairs","minecraft:oak_stairs","Oak Stairs"
"Minecraft","minecraft:oak_trapdoor","minecraft:oak_trapdoor","Oak Trapdoor"
"Minecraft","minecraft:oak_wall_sign","minecraft:oak_sign","Oak Sign"
"Minecraft","minecraft:oak_wood","minecraft:oak_wood","Oak Wood"
"Minecraft","minecraft:observer","minecraft:observer","Observer"
"Minecraft","minecraft:obsidian","minecraft:obsidian","Obsidian"
"Minecraft","minecraft:ochre_froglight","minecraft:ochre_froglight","Ochre Froglight"
"Minecraft","minecraft:orange_banner","minecraft:orange_banner","Orange Banner"
"Minecraft","minecraft:orange_bed","minecraft:orange_bed","Orange Bed"
"Minecraft","minecraft:orange_candle","minecraft:orange_candle","Orange Candle"
"Minecraft","minecraft:orange_candle_cake","","Cake with Orange Candle"
"Minecraft","minecraft:orange_carpet","minecraft:orange_carpet","Orange Carpet"
"Minecraft","minecraft:orange_concrete","minecraft:orange_concrete","Orange Concrete"
"Minecraft","minecraft:orange_concrete_powder","minecraft:orange_concrete_powder","Orange Concrete Powder"
"Minecraft","minecraft:orange_glazed_terracotta","minecraft:orange_glazed_terracotta","Orange Glazed Terracotta"
"Minecraft","minecraft:orange_shulker_box","minecraft:orange_shulker_box","Orange Shulker Box"
"Minecraft","minecraft:orange_stained_glass","minecraft:orange_stained_glass","Orange Stained Glass"
"Minecraft","minecraft:orange_stained_glass_pane","minecraft:orange_stained_glass_pane","Orange Stained Glass Pane"
"Minecraft","minecraft:orange_terracotta","minecraft:orange_terracotta","Orange Terracotta"
"Minecraft","minecraft:orange_tulip","minecraft:orange_tulip","Orange Tulip"
"Minecraft","minecraft:orange_wall_banner","minecraft:orange_banner","Orange Banner"
"Minecraft","minecraft:orange_wool","minecraft:orange_wool","Orange Wool"
"Minecraft","minecraft:oxeye_daisy","minecraft:oxeye_daisy","Oxeye Daisy"
"Minecraft","minecraft:oxidized_copper","minecraft:oxidized_copper","Oxidized Copper"
"Minecraft","minecraft:oxidized_cut_copper","minecraft:oxidized_cut_copper","Oxidized Cut Copper"
"Minecraft","minecraft:oxidized_cut_copper_slab","minecraft:oxidized_cut_copper_slab","Oxidized Cut Copper Slab"
"Minecraft","minecraft:oxidized_cut_copper_stairs","minecraft:oxidized_cut_copper_stairs","Oxidized Cut Copper Stairs"
"Minecraft","minecraft:packed_ice","minecraft:packed_ice","Packed Ice"
"Minecraft","minecraft:packed_mud","minecraft:packed_mud","Packed Mud"
"Minecraft","minecraft:pearlescent_froglight","minecraft:pearlescent_froglight","Pearlescent Froglight"
"Minecraft","minecraft:peony","minecraft:peony","Peony"
"Minecraft","minecraft:petrified_oak_slab","minecraft:petrified_oak_slab","Petrified Oak Slab"
"Minecraft","minecraft:pink_banner","minecraft:pink_banner","Pink Banner"
"Minecraft","minecraft:pink_bed","minecraft:pink_bed","Pink Bed"
"Minecraft","minecraft:pink_candle","minecraft:pink_candle","Pink Candle"
"Minecraft","minecraft:pink_candle_cake","","Cake with Pink Candle"
"Minecraft","minecraft:pink_carpet","minecraft:pink_carpet","Pink Carpet"
"Minecraft","minecraft:pink_concrete","minecraft:pink_concrete","Pink Concrete"
"Minecraft","minecraft:pink_concrete_powder","minecraft:pink_concrete_powder","Pink Concrete Powder"
"Minecraft","minecraft:pink_glazed_terracotta","minecraft:pink_glazed_terracotta","Pink Glazed Terracotta"
"Minecraft","minecraft:pink_shulker_box","minecraft:pink_shulker_box","Pink Shulker Box"
"Minecraft","minecraft:pink_stained_glass","minecraft:pink_stained_glass","Pink Stained Glass"
"Minecraft","minecraft:pink_stained_glass_pane","minecraft:pink_stained_glass_pane","Pink Stained Glass Pane"
"Minecraft","minecraft:pink_terracotta","minecraft:pink_terracotta","Pink Terracotta"
"Minecraft","minecraft:pink_tulip","minecraft:pink_tulip","Pink Tulip"
"Minecraft","minecraft:pink_wall_banner","minecraft:pink_banner","Pink Banner"
"Minecraft","minecraft:pink_wool","minecraft:pink_wool","Pink Wool"
"Minecraft","minecraft:piston","minecraft:piston","Piston"
"Minecraft","minecraft:piston_head","","Piston Head"
"Minecraft","minecraft:player_head","minecraft:player_head","Player Head"
"Minecraft","minecraft:player_wall_head","minecraft:player_head","Player Head"
"Minecraft","minecraft:podzol","minecraft:podzol","Podzol"
"Minecraft","minecraft:pointed_dripstone","minecraft:pointed_dripstone","Pointed Dripstone"
"Minecraft","minecraft:polished_andesite","minecraft:polished_andesite","Polished Andesite"
"Minecraft","minecraft:polished_andesite_slab","minecraft:polished_andesite_slab","Polished Andesite Slab"
"Minecraft","minecraft:polished_andesite_stairs","minecraft:polished_andesite_stairs","Polished Andesite Stairs"
"Minecraft","minecraft:polished_basalt","minecraft:polished_basalt","Polished Basalt"
"Minecraft","minecraft:polished_blackstone","minecraft:polished_blackstone","Polished Blackstone"
"Minecraft","minecraft:polished_blackstone_brick_slab","minecraft:polished_blackstone_brick_slab","Polished Blackstone Brick Slab"
"Minecraft","minecraft:polished_blackstone_brick_stairs","minecraft:polished_blackstone_brick_stairs","Polished Blackstone Brick Stairs"
"Minecraft","minecraft:polished_blackstone_brick_wall","minecraft:polished_blackstone_brick_wall","Polished Blackstone Brick Wall"
"Minecraft","minecraft:polished_blackstone_bricks","minecraft:polished_blackstone_bricks","Polished Blackstone Bricks"
"Minecraft","minecraft:polished_blackstone_button","minecraft:polished_blackstone_button","Polished Blackstone Button"
"Minecraft","minecraft:polished_blackstone_pressure_plate","minecraft:polished_blackstone_pressure_plate","Polished Blackstone Pressure Plate"
"Minecraft","minecraft:polished_blackstone_slab","minecraft:polished_blackstone_slab","Polished Blackstone Slab"
"Minecraft","minecraft:polished_blackstone_stairs","minecraft:polished_blackstone_stairs","Polished Blackstone Stairs"
"Minecraft","minecraft:polished_blackstone_wall","minecraft:polished_blackstone_wall","Polished Blackstone Wall"
"Minecraft","minecraft:polished_deepslate","minecraft:polished_deepslate","Polished Deepslate"
"Minecraft","minecraft:polished_deepslate_slab","minecraft:polished_deepslate_slab","Polished Deepslate Slab"
"Minecraft","minecraft:polished_deepslate_stairs","minecraft:polished_deepslate_stairs","Polished Deepslate Stairs"
"Minecraft","minecraft:polished_deepslate_wall","minecraft:polished_deepslate_wall","Polished Deepslate Wall"
"Minecraft","minecraft:polished_diorite","minecraft:polished_diorite","Polished Diorite"
"Minecraft","minecraft:polished_diorite_slab","minecraft:polished_diorite_slab","Polished Diorite Slab"
"Minecraft","minecraft:polished_diorite_stairs","minecraft:polished_diorite_stairs","Polished Diorite Stairs"
"Minecraft","minecraft:polished_granite","minecraft:polished_granite","Polished Granite"
"Minecraft","minecraft:polished_granite_slab","minecraft:polished_granite_slab","Polished Granite Slab"
"Minecraft","minecraft:polished_granite_stairs","minecraft:polished_granite_stairs","Polished Granite Stairs"
"Minecraft","minecraft:poppy","minecraft:poppy","Poppy"
"Minecraft","minecraft:potatoes","minecraft:potato","Potato"
"Minecraft","minecraft:potted_acacia_sapling","","Potted Acacia Sapling"
"Minecraft","minecraft:potted_allium","","Potted Allium"
"Minecraft","minecraft:potted_azalea_bush","","Potted Azalea"
"Minecraft","minecraft:potted_azure_bluet","","Potted Azure Bluet"
"Minecraft","minecraft:potted_bamboo","","Potted Bamboo"
"Minecraft","minecraft:potted_birch_sapling","","Potted Birch Sapling"
"Minecraft","minecraft:potted_blue_orchid","","Potted Blue Orchid"
"Minecraft","minecraft:potted_brown_mushroom","","Potted Brown Mushroom"
"Minecraft","minecraft:potted_cactus","","Potted Cactus"
"Minecraft","minecraft:potted_cornflower","","Potted Cornflower"
"Minecraft","minecraft:potted_crimson_fungus","","Potted Crimson Fungus"
"Minecraft","minecraft:potted_crimson_roots","","Potted Crimson Roots"
"Minecraft","minecraft:potted_dandelion","","Potted Dandelion"
"Minecraft","minecraft:potted_dark_oak_sapling","","Potted Dark Oak Sapling"
"Minecraft","minecraft:potted_dead_bush","","Potted Dead Bush"
"Minecraft","minecraft:potted_fern","","Potted Fern"
"Minecraft","minecraft:potted_flowering_azalea_bush","","Potted Flowering Azalea"
"Minecraft","minecraft:potted_jungle_sapling","","Potted Jungle Sapling"
"Minecraft","minecraft:potted_lily_of_the_valley","","Potted Lily of the Valley"
"Minecraft","minecraft:potted_mangrove_propagule","","Potted Mangrove Propagule"
"Minecraft","minecraft:potted_oak_sapling","","Potted Oak Sapling"
"Minecraft","minecraft:potted_orange_tulip","","Potted Orange Tulip"
"Minecraft","minecraft:potted_oxeye_daisy","","Potted Oxeye Daisy"
"Minecraft","minecraft:potted_pink_tulip","","Potted Pink Tulip"
"Minecraft","minecraft:potted_poppy","","Potted Poppy"
"Minecraft","minecraft:potted_red_mushroom","","Potted Red Mushroom"
"Minecraft","minecraft:potted_red_tulip","","Potted Red Tulip"
"Minecraft","minecraft:potted_spruce_sapling","","Potted Spruce Sapling"
"Minecraft","minecraft:potted_warped_fungus","","Potted Warped Fungus"
"Minecraft","minecraft:potted_warped_roots","","Potted Warped Roots"
"Minecraft","minecraft:potted_white_tulip","","Potted White Tulip"
"Minecraft","minecraft:potted_wither_rose","","Potted Wither Rose"
"Minecraft","minecraft:powder_snow","minecraft:powder_snow_bucket","Powder Snow Bucket"
"Minecraft","minecraft:powder_snow_cauldron","minecraft:cauldron","Cauldron"
"Minecraft","minecraft:powered_rail","minecraft:powered_rail","Powered Rail"
"Minecraft","minecraft:prismarine","minecraft:prismarine","Prismarine"
"Minecraft","minecraft:prismarine_brick_slab","minecraft:prismarine_brick_slab","Prismarine Brick Slab"
"Minecraft","minecraft:prismarine_brick_stairs","minecraft:prismarine_brick_stairs","Prismarine Brick Stairs"
"Minecraft","minecraft:prismarine_bricks","minecraft:prismarine_bricks","Prismarine Bricks"
"Minecraft","minecraft:prismarine_slab","minecraft:prismarine_slab","Prismarine Slab"
"Minecraft","minecraft:prismarine_stairs","minecraft:prismarine_stairs","Prismarine Stairs"
"Minecraft","minecraft:prismarine_wall","minecraft:prismarine_wall","Prismarine Wall"
"Minecraft","minecraft:pumpkin","minecraft:pumpkin","Pumpkin"
"Minecraft","minecraft:pumpkin_stem","minecraft:pumpkin_seeds","Pumpkin Seeds"
"Minecraft","minecraft:purple_banner","minecraft:purple_banner","Purple Banner"
"Minecraft","minecraft:purple_bed","minecraft:purple_bed","Purple Bed"
"Minecraft","minecraft:purple_candle","minecraft:purple_candle","Purple Candle"
"Minecraft","minecraft:purple_candle_cake","","Cake with Purple Candle"
"Minecraft","minecraft:purple_carpet","minecraft:purple_carpet","Purple Carpet"
"Minecraft","minecraft:purple_concrete","minecraft:purple_concrete","Purple Concrete"
"Minecraft","minecraft:purple_concrete_powder","minecraft:purple_concrete_powder","Purple Concrete Powder"
"Minecraft","minecraft:purple_glazed_terracotta","minecraft:purple_glazed_terracotta","Purple Glazed Terracotta"
"Minecraft","minecraft:purple_shulker_box","minecraft:purple_shulker_box","Purple Shulker Box"
"Minecraft","minecraft:purple_stained_glass","minecraft:purple_stained_glass","Purple Stained Glass"
"Minecraft","minecraft:purple_stained_glass_pane","minecraft:purple_stained_glass_pane","Purple Stained Glass Pane"
"Minecraft","minecraft:purple_terracotta","minecraft:purple_terracotta","Purple Terracotta"
"Minecraft","minecraft:purple_wall_banner","minecraft:purple_banner","Purple Banner"
"Minecraft","minecraft:purple_wool","minecraft:purple_wool","Purple Wool"
"Minecraft","minecraft:purpur_block","minecraft:purpur_block","Purpur Block"
"Minecraft","minecraft:purpur_pillar","minecraft:purpur_pillar","Purpur Pillar"
"Minecraft","minecraft:purpur_slab","minecraft:purpur_slab","Purpur Slab"
"Minecraft","minecraft:purpur_stairs","minecraft:purpur_stairs","Purpur Stairs"
"Minecraft","minecraft:quartz_block","minecraft:quartz_block","Block of Quartz"
"Minecraft","minecraft:quartz_bricks","minecraft:quartz_bricks","Quartz Bricks"
"Minecraft","minecraft:quartz_pillar","minecraft:quartz_pillar","Quartz Pillar"
"Minecraft","minecraft:quartz_slab","minecraft:quartz_slab","Quartz Slab"
"Minecraft","minecraft:quartz_stairs","minecraft:quartz_stairs","Quartz Stairs"
"Minecraft","minecraft:rail","minecraft:rail","Rail"
"Minecraft","minecraft:raw_copper_block","minecraft:raw_copper_block","Block of Raw Copper"
"Minecraft","minecraft:raw_gold_block","minecraft:raw_gold_block","Block of Raw Gold"
"Minecraft","minecraft:raw_iron_block","minecraft:raw_iron_block","Block of Raw Iron"
"Minecraft","minecraft:red_banner","minecraft:red_banner","Red Banner"
"Minecraft","minecraft:red_bed","minecraft:red_bed","Red Bed"
"Minecraft","minecraft:red_candle","minecraft:red_candle","Red Candle"
"Minecraft","minecraft:red_candle_cake","","Cake with Red Candle"
"Minecraft","minecraft:red_carpet","minecraft:red_carpet","Red Carpet"
"Minecraft","minecraft:red_concrete","minecraft:red_concrete","Red Concrete"
"Minecraft","minecraft:red_concrete_powder","minecraft:red_concrete_powder","Red Concrete Powder"
"Minecraft","minecraft:red_glazed_terracotta","minecraft:red_glazed_terracotta","Red Glazed Terracotta"
"Minecraft","minecraft:red_mushroom","minecraft:red_mushroom","Red Mushroom"
"Minecraft","minecraft:red_mushroom_block","minecraft:red_mushroom_block","Red Mushroom Block"
"Minecraft","minecraft:red_nether_brick_slab","minecraft:red_nether_brick_slab","Red Nether Brick Slab"
"Minecraft","minecraft:red_nether_brick_stairs","minecraft:red_nether_brick_stairs","Red Nether Brick Stairs"
"Minecraft","minecraft:red_nether_brick_wall","minecraft:red_nether_brick_wall","Red Nether Brick Wall"
"Minecraft","minecraft:red_nether_bricks","minecraft:red_nether_bricks","Red Nether Bricks"
"Minecraft","minecraft:red_sand","minecraft:red_sand","Red Sand"
"Minecraft","minecraft:red_sandstone","minecraft:red_sandstone","Red Sandstone"
"Minecraft","minecraft:red_sandstone_slab","minecraft:red_sandstone_slab","Red Sandstone Slab"
"Minecraft","minecraft:red_sandstone_stairs","minecraft:red_sandstone_stairs","Red Sandstone Stairs"
"Minecraft","minecraft:red_sandstone_wall","minecraft:red_sandstone_wall","Red Sandstone Wall"
"Minecraft","minecraft:red_shulker_box","minecraft:red_shulker_box","Red Shulker Box"
"Minecraft","minecraft:red_stained_glass","minecraft:red_stained_glass","Red Stained Glass"
"Minecraft","minecraft:red_stained_glass_pane","minecraft:red_stained_glass_pane","Red Stained Glass Pane"
"Minecraft","minecraft:red_terracotta","minecraft:red_terracotta","Red Terracotta"
"Minecraft","minecraft:red_tulip","minecraft:red_tulip","Red Tulip"
"Minecraft","minecraft:red_wall_banner","minecraft:red_banner","Red Banner"
"Minecraft","minecraft:red_wool","minecraft:red_wool","Red Wool"
"Minecraft","minecraft:redstone_block","minecraft:redstone_block","Block of Redstone"
"Minecraft","minecraft:redstone_lamp","minecraft:redstone_lamp","Redstone Lamp"
"Minecraft","minecraft:redstone_ore","minecraft:redstone_ore","Redstone Ore"
"Minecraft","minecraft:redstone_torch","minecraft:redstone_torch","Redstone Torch"
"Minecraft","minecraft:redstone_wall_torch","minecraft:redstone_torch","Redstone Torch"
"Minecraft","minecraft:redstone_wire","minecraft:redstone","Redstone Dust"
"Minecraft","minecraft:reinforced_deepslate","minecraft:reinforced_deepslate","Reinforced Deepslate"
"Minecraft","minecraft:repeater","minecraft:repeater","Redstone Repeater"
"Minecraft","minecraft:repeating_command_block","minecraft:repeating_command_block","Repeating Command Block"
"Minecraft","minecraft:respawn_anchor","minecraft:respawn_anchor","Respawn Anchor"
"Minecraft","minecraft:rooted_dirt","minecraft:rooted_dirt","Rooted Dirt"
"Minecraft","minecraft:rose_bush","minecraft:rose_bush","Rose Bush"
"Minecraft","minecraft:sand","minecraft:sand","Sand"
"Minecraft","minecraft:sandstone","minecraft:sandstone","Sandstone"
"Minecraft","minecraft:sandstone_slab","minecraft:sandstone_slab","Sandstone Slab"
"Minecraft","minecraft:sandstone_stairs","minecraft:sandstone_stairs","Sandstone Stairs"
"Minecraft","minecraft:sandstone_wall","minecraft:sandstone_wall","Sandstone Wall"
"Minecraft","minecraft:scaffolding","minecraft:scaffolding","Scaffolding"
"Minecraft","minecraft:sculk","minecraft:sculk","Sculk"
"Minecraft","minecraft:sculk_catalyst","minecraft:sculk_catalyst","Sculk Catalyst"
"Minecraft","minecraft:sculk_sensor","minecraft:sculk_sensor","Sculk Sensor"
"Minecraft","minecraft:sculk_shrieker","minecraft:sculk_shrieker","Sculk Shrieker"
"Minecraft","minecraft:sculk_vein","minecraft:sculk_vein","Sculk Vein"
"Minecraft","minecraft:sea_lantern","minecraft:sea_lantern","Sea Lantern"
"Minecraft","minecraft:sea_pickle","minecraft:sea_pickle","Sea Pickle"
"Minecraft","minecraft:seagrass","minecraft:seagrass","Seagrass"
"Minecraft","minecraft:shroomlight","minecraft:shroomlight","Shroomlight"
"Minecraft","minecraft:shulker_box","minecraft:shulker_box","Shulker Box"
"Minecraft","minecraft:skeleton_skull","minecraft:skeleton_skull","Skeleton Skull"
"Minecraft","minecraft:skeleton_wall_skull","minecraft:skeleton_skull","Skeleton Skull"
"Minecraft","minecraft:slime_block","minecraft:slime_block","Slime Block"
"Minecraft","minecraft:small_amethyst_bud","minecraft:small_amethyst_bud","Small Amethyst Bud"
"Minecraft","minecraft:small_dripleaf","minecraft:small_dripleaf","Small Dripleaf"
"Minecraft","minecraft:smithing_table","minecraft:smithing_table","Smithing Table"
"Minecraft","minecraft:smoker","minecraft:smoker","Smoker"
"Minecraft","minecraft:smooth_basalt","minecraft:smooth_basalt","Smooth Basalt"
"Minecraft","minecraft:smooth_quartz","minecraft:smooth_quartz","Smooth Quartz Block"
"Minecraft","minecraft:smooth_quartz_slab","minecraft:smooth_quartz_slab","Smooth Quartz Slab"
"Minecraft","minecraft:smooth_quartz_stairs","minecraft:smooth_quartz_stairs","Smooth Quartz Stairs"
"Minecraft","minecraft:smooth_red_sandstone","minecraft:smooth_red_sandstone","Smooth Red Sandstone"
"Minecraft","minecraft:smooth_red_sandstone_slab","minecraft:smooth_red_sandstone_slab","Smooth Red Sandstone Slab"
"Minecraft","minecraft:smooth_red_sandstone_stairs","minecraft:smooth_red_sandstone_stairs","Smooth Red Sandstone Stairs"
"Minecraft","minecraft:smooth_sandstone","minecraft:smooth_sandstone","Smooth Sandstone"
"Minecraft","minecraft:smooth_sandstone_slab","minecraft:smooth_sandstone_slab","Smooth Sandstone Slab"
"Minecraft","minecraft:smooth_sandstone_stairs","minecraft:smooth_sandstone_stairs","Smooth Sandstone Stairs"
"Minecraft","minecraft:smooth_stone","minecraft:smooth_stone","Smooth Stone"
"Minecraft","minecraft:smooth_stone_slab","minecraft:smooth_stone_slab","Smooth Stone Slab"
"Minecraft","minecraft:snow","minecraft:snow","Snow"
"Minecraft","minecraft:snow_block","minecraft:snow_block","Snow Block"
"Minecraft","minecraft:soul_campfire","minecraft:soul_campfire","Soul Campfire"
"Minecraft","minecraft:soul_fire","","Soul Fire"
"Minecraft","minecraft:soul_lantern","minecraft:soul_lantern","Soul Lantern"
"Minecraft","minecraft:soul_sand","minecraft:soul_sand","Soul Sand"
"Minecraft","minecraft:soul_soil","minecraft:soul_soil","Soul Soil"
"Minecraft","minecraft:soul_torch","minecraft:soul_torch","Soul Torch"
"Minecraft","minecraft:soul_wall_torch","minecraft:soul_torch","Soul Torch"
"Minecraft","minecraft:spawner","minecraft:spawner","Spawner"
"Minecraft","minecraft:sponge","minecraft:sponge","Sponge"
"Minecraft","minecraft:spore_blossom","minecraft:spore_blossom","Spore Blossom"
"Minecraft","minecraft:spruce_button","minecraft:spruce_button","Spruce Button"
"Minecraft","minecraft:spruce_door","minecraft:spruce_door","Spruce Door"
"Minecraft","minecraft:spruce_fence","minecraft:spruce_fence","Spruce Fence"
"Minecraft","minecraft:spruce_fence_gate","minecraft:spruce_fence_gate","Spruce Fence Gate"
"Minecraft","minecraft:spruce_leaves","minecraft:spruce_leaves","Spruce Leaves"
"Minecraft","minecraft:spruce_log","minecraft:spruce_log","Spruce Log"
"Minecraft","minecraft:spruce_planks","minecraft:spruce_planks","Spruce Planks"
"Minecraft","minecraft:spruce_pressure_plate","minecraft:spruce_pressure_plate","Spruce Pressure Plate"
"Minecraft","minecraft:spruce_sapling","minecraft:spruce_sapling","Spruce Sapling"
"Minecraft","minecraft:spruce_sign","minecraft:spruce_sign","Spruce Sign"
"Minecraft","minecraft:spruce_slab","minecraft:spruce_slab","Spruce Slab"
"Minecraft","minecraft:spruce_stairs","minecraft:spruce_stairs","Spruce Stairs"
"Minecraft","minecraft:spruce_trapdoor","minecraft:spruce_trapdoor","Spruce Trapdoor"
"Minecraft","minecraft:spruce_wall_sign","minecraft:spruce_sign","Spruce Sign"
"Minecraft","minecraft:spruce_wood","minecraft:spruce_wood","Spruce Wood"
"Minecraft","minecraft:sticky_piston","minecraft:sticky_piston","Sticky Piston"
"Minecraft","minecraft:stone","minecraft:stone","Stone"
"Minecraft","minecraft:stone_brick_slab","minecraft:stone_brick_slab","Stone Brick Slab"
"Minecraft","minecraft:stone_brick_stairs","minecraft:stone_brick_stairs","Stone Brick Stairs"
"Minecraft","minecraft:stone_brick_wall","minecraft:stone_brick_wall","Stone Brick Wall"
"Minecraft","minecraft:stone_bricks","minecraft:stone_bricks","Stone Bricks"
"Minecraft","minecraft:stone_button","minecraft:stone_button","Stone Button"
"Minecraft","minecraft:stone_pressure_plate","minecraft:stone_pressure_plate","Stone Pressure Plate"
"Minecraft","minecraft:stone_slab","minecraft:stone_slab","Stone Slab"
"Minecraft","minecraft:stone_stairs","minecraft:stone_stairs","Stone Stairs"
"Minecraft","minecraft:stonecutter","minecraft:stonecutter","Stonecutter"
"Minecraft","minecraft:stripped_acacia_log","minecraft:stripped_acacia_log","Stripped Acacia Log"
"Minecraft","minecraft:stripped_acacia_wood","minecraft:stripped_acacia_wood","Stripped Acacia Wood"
"Minecraft","minecraft:stripped_birch_log","minecraft:stripped_birch_log","Stripped Birch Log"
"Minecraft","minecraft:stripped_birch_wood","minecraft:stripped_birch_wood","Stripped Birch Wood"
"Minecraft","minecraft:stripped_crimson_hyphae","minecraft:stripped_crimson_hyphae","Stripped Crimson Hyphae"
"Minecraft","minecraft:stripped_crimson_stem","minecraft:stripped_crimson_stem","Stripped Crimson Stem"
"Minecraft","minecraft:stripped_dark_oak_log","minecraft:stripped_dark_oak_log","Stripped Dark Oak Log"
"Minecraft","minecraft:stripped_dark_oak_wood","minecraft:stripped_dark_oak_wood","Stripped Dark Oak Wood"
"Minecraft","minecraft:stripped_jungle_log","minecraft:stripped_jungle_log","Stripped Jungle Log"
"Minecraft","minecraft:stripped_jungle_wood","minecraft:stripped_jungle_wood","Stripped Jungle Wood"
"Minecraft","minecraft:stripped_mangrove_log","minecraft:stripped_mangrove_log","Stripped Mangrove Log"
"Minecraft","minecraft:stripped_mangrove_wood","minecraft:stripped_mangrove_wood","Stripped Mangrove Wood"
"Minecraft","minecraft:stripped_oak_log","minecraft:stripped_oak_log","Stripped Oak Log"
"Minecraft","minecraft:stripped_oak_wood","minecraft:stripped_oak_wood","Stripped Oak Wood"
"Minecraft","minecraft:stripped_spruce_log","minecraft:stripped_spruce_log","Stripped Spruce Log"
"Minecraft","minecraft:stripped_spruce_wood","minecraft:stripped_spruce_wood","Stripped Spruce Wood"
"Minecraft","minecraft:stripped_warped_hyphae","minecraft:stripped_warped_hyphae","Stripped Warped Hyphae"
"Minecraft","minecraft:stripped_warped_stem","minecraft:stripped_warped_stem","Stripped Warped Stem"
"Minecraft","minecraft:structure_block","minecraft:structure_block","Structure Block"
"Minecraft","minecraft:structure_void","minecraft:structure_void","Structure Void"
"Minecraft","minecraft:sugar_cane","minecraft:sugar_cane","Sugar Cane"
"Minecraft","minecraft:sunflower","minecraft:sunflower","Sunflower"
"Minecraft","minecraft:sweet_berry_bush","minecraft:sweet_berries","Sweet Berries"
"Minecraft","minecraft:tall_grass","minecraft:tall_grass","Tall Grass"
"Minecraft","minecraft:tall_seagrass","","Tall Seagrass"
"Minecraft","minecraft:target","minecraft:target","Target"
"Minecraft","minecraft:terracotta","minecraft:terracotta","Terracotta"
"Minecraft","minecraft:tinted_glass","minecraft:tinted_glass","Tinted Glass"
"Minecraft","minecraft:tnt","minecraft:tnt","TNT"
"Minecraft","minecraft:torch","minecraft:torch","Torch"
"Minecraft","minecraft:trapped_chest","minecraft:trapped_chest","Trapped Chest"
"Minecraft","minecraft:tripwire","minecraft:string","String"
"Minecraft","minecraft:tripwire_hook","minecraft:tripwire_hook","Tripwire Hook"
"Minecraft","minecraft:tube_coral","minecraft:tube_coral","Tube Coral"
"Minecraft","minecraft:tube_coral_block","minecraft:tube_coral_block","Tube Coral Block"
"Minecraft","minecraft:tube_coral_fan","minecraft:tube_coral_fan","Tube Coral Fan"
"Minecraft","minecraft:tube_coral_wall_fan","minecraft:tube_coral_fan","Tube Coral Fan"
"Minecraft","minecraft:tuff","minecraft:tuff","Tuff"
"Minecraft","minecraft:turtle_egg","minecraft:turtle_egg","Turtle Egg"
"Minecraft","minecraft:twisting_vines","minecraft:twisting_vines","Twisting Vines"
"Minecraft","minecraft:twisting_vines_plant","","Twisting Vines Plant"
"Minecraft","minecraft:verdant_froglight","minecraft:verdant_froglight","Verdant Froglight"
"Minecraft","minecraft:vine","minecraft:vine","Vines"
"Minecraft","minecraft:void_air","","Void Air"
"Minecraft","minecraft:wall_torch","minecraft:torch","Torch"
"Minecraft","minecraft:warped_button","minecraft:warped_button","Warped Button"
"Minecraft","minecraft:warped_door","minecraft:warped_door","Warped Door"
"Minecraft","minecraft:warped_fence","minecraft:warped_fence","Warped Fence"
"Minecraft","minecraft:warped_fence_gate","minecraft:warped_fence_gate","Warped Fence Gate"
"Minecraft","minecraft:warped_fungus","minecraft:warped_fungus","Warped Fungus"
"Minecraft","minecraft:warped_hyphae","minecraft:warped_hyphae","Warped Hyphae"
"Minecraft","minecraft:warped_nylium","minecraft:warped_nylium","Warped Nylium"
"Minecraft","minecraft:warped_planks","minecraft:warped_planks","Warped Planks"
"Minecraft","minecraft:warped_pressure_plate","minecraft:warped_pressure_plate","Warped Pressure Plate"
"Minecraft","minecraft:warped_roots","minecraft:warped_roots","Warped Roots"
"Minecraft","minecraft:warped_sign","minecraft:warped_sign","Warped Sign"
"Minecraft","minecraft:warped_slab","minecraft:warped_slab","Warped Slab"
"Minecraft","minecraft:warped_stairs","minecraft:warped_stairs","Warped Stairs"
"Minecraft","minecraft:warped_stem","minecraft:warped_stem","Warped Stem"
"Minecraft","minecraft:warped_trapdoor","minecraft:warped_trapdoor","Warped Trapdoor"
"Minecraft","minecraft:warped_wall_sign","minecraft:warped_sign","Warped Sign"
"Minecraft","minecraft:warped_wart_block","minecraft:warped_wart_block","Warped Wart Block"
"Minecraft","minecraft:water","","Water"
"Minecraft","minecraft:water_cauldron","minecraft:cauldron","Cauldron"
"Minecraft","minecraft:waxed_copper_block","minecraft:waxed_copper_block","Waxed Block of Copper"
"Minecraft","minecraft:waxed_cut_copper","minecraft:waxed_cut_copper","Waxed Cut Copper"
"Minecraft","minecraft:waxed_cut_copper_slab","minecraft:waxed_cut_copper_slab","Waxed Cut Copper Slab"
"Minecraft","minecraft:waxed_cut_copper_stairs","minecraft:waxed_cut_copper_stairs","Waxed Cut Copper Stairs"
"Minecraft","minecraft:waxed_exposed_copper","minecraft:waxed_exposed_copper","Waxed Exposed Copper"
"Minecraft","minecraft:waxed_exposed_cut_copper","minecraft:waxed_exposed_cut_copper","Waxed Exposed Cut Copper"
"Minecraft","minecraft:waxed_exposed_cut_copper_slab","minecraft:waxed_exposed_cut_copper_slab","Waxed Exposed Cut Copper Slab"
"Minecraft","minecraft:waxed_exposed_cut_copper_stairs","minecraft:waxed_exposed_cut_copper_stairs","Waxed Exposed Cut Copper Stairs"
"Minecraft","minecraft:waxed_oxidized_copper","minecraft:waxed_oxidized_copper","Waxed Oxidized Copper"
"Minecraft","minecraft:waxed_oxidized_cut_copper","minecraft:waxed_oxidized_cut_copper","Waxed Oxidized Cut Copper"
"Minecraft","minecraft:waxed_oxidized_cut_copper_slab","minecraft:waxed_oxidized_cut_copper_slab","Waxed Oxidized Cut Copper Slab"
"Minecraft","minecraft:waxed_oxidized_cut_copper_stairs","minecraft:waxed_oxidized_cut_copper_stairs","Waxed Oxidized Cut Copper Stairs"
"Minecraft","minecraft:waxed_weathered_copper","minecraft:waxed_weathered_copper","Waxed Weathered Copper"
"Minecraft","minecraft:waxed_weathered_cut_copper","minecraft:waxed_weathered_cut_copper","Waxed Weathered Cut Copper"
"Minecraft","minecraft:waxed_weathered_cut_copper_slab","minecraft:waxed_weathered_cut_copper_slab","Waxed Weathered Cut Copper Slab"
"Minecraft","minecraft:waxed_weathered_cut_copper_stairs","minecraft:waxed_weathered_cut_copper_stairs","Waxed Weathered Cut Copper Stairs"
"Minecraft","minecraft:weathered_copper","minecraft:weathered_copper","Weathered Copper"
"Minecraft","minecraft:weathered_cut_copper","minecraft:weathered_cut_copper","Weathered Cut Copper"
"Minecraft","minecraft:weathered_cut_copper_slab","minecraft:weathered_cut_copper_slab","Weathered Cut Copper Slab"
"Minecraft","minecraft:weathered_cut_copper_stairs","minecraft:weathered_cut_copper_stairs","Weathered Cut Copper Stairs"
"Minecraft","minecraft:weeping_vines","minecraft:weeping_vines","Weeping Vines"
"Minecraft","minecraft:weeping_vines_plant","","Weeping Vines Plant"
"Minecraft","minecraft:wet_sponge","minecraft:wet_sponge","Wet Sponge"
"Minecraft","minecraft:wheat","minecraft:wheat_seeds","Wheat Seeds"
"Minecraft","minecraft:white_banner","minecraft:white_banner","White Banner"
"Minecraft","minecraft:white_bed","minecraft:white_bed","White Bed"
"Minecraft","minecraft:white_candle","minecraft:white_candle","White Candle"
"Minecraft","minecraft:white_candle_cake","","Cake with White Candle"
"Minecraft","minecraft:white_carpet","minecraft:white_carpet","White Carpet"
"Minecraft","minecraft:white_concrete","minecraft:white_concrete","White Concrete"
"Minecraft","minecraft:white_concrete_powder","minecraft:white_concrete_powder","White Concrete Powder"
"Minecraft","minecraft:white_glazed_terracotta","minecraft:white_glazed_terracotta","White Glazed Terracotta"
"Minecraft","minecraft:white_shulker_box","minecraft:white_shulker_box","White Shulker Box"
"Minecraft","minecraft:white_stained_glass","minecraft:white_stained_glass","White Stained Glass"
"Minecraft","minecraft:white_stained_glass_pane","minecraft:white_stained_glass_pane","White Stained Glass Pane"
"Minecraft","minecraft:white_terracotta","minecraft:white_terracotta","White Terracotta"
"Minecraft","minecraft:white_tulip","minecraft:white_tulip","White Tulip"
"Minecraft","minecraft:white_wall_banner","minecraft:white_banner","White Banner"
"Minecraft","minecraft:white_wool","minecraft:white_wool","White Wool"
"Minecraft","minecraft:wither_rose","minecraft:wither_rose","Wither Rose"
"Minecraft","minecraft:wither_skeleton_skull","minecraft:wither_skeleton_skull","Wither Skeleton Skull"
"Minecraft","minecraft:wither_skeleton_wall_skull","minecraft:wither_skeleton_skull","Wither Skeleton Skull"
"Minecraft","minecraft:yellow_banner","minecraft:yellow_banner","Yellow Banner"
"Minecraft","minecraft:yellow_bed","minecraft:yellow_bed","Yellow Bed"
"Minecraft","minecraft:yellow_candle","minecraft:yellow_candle","Yellow Candle"
"Minecraft","minecraft:yellow_candle_cake","","Cake with Yellow Candle"
"Minecraft","minecraft:yellow_carpet","minecraft:yellow_carpet","Yellow Carpet"
"Minecraft","minecraft:yellow_concrete","minecraft:yellow_concrete","Yellow Concrete"
"Minecraft","minecraft:yellow_concrete_powder","minecraft:yellow_concrete_powder","Yellow Concrete Powder"
"Minecraft","minecraft:yellow_glazed_terracotta","minecraft:yellow_glazed_terracotta","Yellow Glazed Terracotta"
"Minecraft","minecraft:yellow_shulker_box","minecraft:yellow_shulker_box","Yellow Shulker Box"
"Minecraft","minecraft:yellow_stained_glass","minecraft:yellow_stained_glass","Yellow Stained Glass"
"Minecraft","minecraft:yellow_stained_glass_pane","minecraft:yellow_stained_glass_pane","Yellow Stained Glass Pane"
"Minecraft","minecraft:yellow_terracotta","minecraft:yellow_terracotta","Yellow Terracotta"
"Minecraft","minecraft:yellow_wall_banner","minecraft:yellow_banner","Yellow Banner"
"Minecraft","minecraft:yellow_wool","minecraft:yellow_wool","Yellow Wool"
"Minecraft","minecraft:zombie_head","minecraft:zombie_head","Zombie Head"
"Minecraft","minecraft:zombie_wall_head","minecraft:zombie_head","Zombie Head"
