"Mod name","Registry name","Item ID","Display name"
"Minecraft","minecraft:acacia_boat",706,"Acacia Boat"
"Minecraft","minecraft:acacia_button",638,"Acacia Button"
"Minecraft","minecraft:acacia_chest_boat",707,"Acacia Boat with Chest"
"Minecraft","minecraft:acacia_door",661,"Acacia Door"
"Minecraft","minecraft:acacia_fence",272,"Acacia Fence"
"Minecraft","minecraft:acacia_fence_gate",680,"Acacia Fence Gate"
"Minecraft","minecraft:acacia_leaves",146,"Acacia Leaves"
"Minecraft","minecraft:acacia_log",108,"Acacia Log"
"Minecraft","minecraft:acacia_planks",27,"Acacia Planks"
"Minecraft","minecraft:acacia_pressure_plate",651,"Acacia Pressure Plate"
"Minecraft","minecraft:acacia_sapling",36,"Acacia Sapling"
"Minecraft","minecraft:acacia_sign",808,"Acacia Sign"
"Minecraft","minecraft:acacia_slab",218,"Acacia Slab"
"Minecraft","minecraft:acacia_stairs",342,"Acacia Stairs"
"Minecraft","minecraft:acacia_trapdoor",671,"Acacia Trapdoor"
"Minecraft","minecraft:acacia_wood",137,"Acacia Wood"
"Minecraft","minecraft:activator_rail",688,"Activator Rail"
"Minecraft","minecraft:air",0,""
"Minecraft","minecraft:allay_spawn_egg",912,"Allay Spawn Egg"
"Minecraft","minecraft:allium",186,"Allium"
"Minecraft","minecraft:amethyst_block",66,"Block of Amethyst"
"Minecraft","minecraft:amethyst_cluster",1145,"Amethyst Cluster"
"Minecraft","minecraft:amethyst_shard",726,"Amethyst Shard"
"Minecraft","minecraft:ancient_debris",61,"Ancient Debris"
"Minecraft","minecraft:andesite",6,"Andesite"
"Minecraft","minecraft:andesite_slab",599,"Andesite Slab"
"Minecraft","minecraft:andesite_stairs",582,"Andesite Stairs"
"Minecraft","minecraft:andesite_wall",359,"Andesite Wall"
"Minecraft","minecraft:anvil",371,"Anvil"
"Minecraft","minecraft:apple",717,"Apple"
"Minecraft","minecraft:armor_stand",1015,"Armor Stand"
"Minecraft","minecraft:arrow",719,"Arrow"
"Minecraft","minecraft:axolotl_bucket",824,"Bucket of Axolotl"
"Minecraft","minecraft:axolotl_spawn_egg",913,"Axolotl Spawn Egg"
"Minecraft","minecraft:azalea",162,"Azalea"
"Minecraft","minecraft:azalea_leaves",149,"Azalea Leaves"
"Minecraft","minecraft:azure_bluet",187,"Azure Bluet"
"Minecraft","minecraft:baked_potato",992,"Baked Potato"
"Minecraft","minecraft:bamboo",213,"Bamboo"
"Minecraft","minecraft:barrel",1089,"Barrel"
"Minecraft","minecraft:barrier",395,"Barrier"
"Minecraft","minecraft:basalt",283,"Basalt"
"Minecraft","minecraft:bat_spawn_egg",914,"Bat Spawn Egg"
"Minecraft","minecraft:beacon",348,"Beacon"
"Minecraft","minecraft:bedrock",39,"Bedrock"
"Minecraft","minecraft:bee_nest",1106,"Bee Nest"
"Minecraft","minecraft:bee_spawn_egg",915,"Bee Spawn Egg"
"Minecraft","minecraft:beef",892,"Raw Beef"
"Minecraft","minecraft:beehive",1107,"Beehive"
"Minecraft","minecraft:beetroot",1044,"Beetroot"
"Minecraft","minecraft:beetroot_seeds",1045,"Beetroot Seeds"
"Minecraft","minecraft:beetroot_soup",1046,"Beetroot Soup"
"Minecraft","minecraft:bell",1097,"Bell"
"Minecraft","minecraft:big_dripleaf",211,"Big Dripleaf"
"Minecraft","minecraft:birch_boat",702,"Birch Boat"
"Minecraft","minecraft:birch_button",636,"Birch Button"
"Minecraft","minecraft:birch_chest_boat",703,"Birch Boat with Chest"
"Minecraft","minecraft:birch_door",659,"Birch Door"
"Minecraft","minecraft:birch_fence",270,"Birch Fence"
"Minecraft","minecraft:birch_fence_gate",678,"Birch Fence Gate"
"Minecraft","minecraft:birch_leaves",144,"Birch Leaves"
"Minecraft","minecraft:birch_log",106,"Birch Log"
"Minecraft","minecraft:birch_planks",25,"Birch Planks"
"Minecraft","minecraft:birch_pressure_plate",649,"Birch Pressure Plate"
"Minecraft","minecraft:birch_sapling",34,"Birch Sapling"
"Minecraft","minecraft:birch_sign",806,"Birch Sign"
"Minecraft","minecraft:birch_slab",216,"Birch Slab"
"Minecraft","minecraft:birch_stairs",340,"Birch Stairs"
"Minecraft","minecraft:birch_trapdoor",669,"Birch Trapdoor"
"Minecraft","minecraft:birch_wood",135,"Birch Wood"
"Minecraft","minecraft:black_banner",1040,"Black Banner"
"Minecraft","minecraft:black_bed",884,"Black Bed"
"Minecraft","minecraft:black_candle",1141,"Black Candle"
"Minecraft","minecraft:black_carpet",413,"Black Carpet"
"Minecraft","minecraft:black_concrete",522,"Black Concrete"
"Minecraft","minecraft:black_concrete_powder",538,"Black Concrete Powder"
"Minecraft","minecraft:black_dye",864,"Black Dye"
"Minecraft","minecraft:black_glazed_terracotta",506,"Black Glazed Terracotta"
"Minecraft","minecraft:black_shulker_box",490,"Black Shulker Box"
"Minecraft","minecraft:black_stained_glass",438,"Black Stained Glass"
"Minecraft","minecraft:black_stained_glass_pane",454,"Black Stained Glass Pane"
"Minecraft","minecraft:black_terracotta",394,"Black Terracotta"
"Minecraft","minecraft:black_wool",182,"Black Wool"
"Minecraft","minecraft:blackstone",1112,"Blackstone"
"Minecraft","minecraft:blackstone_slab",1113,"Blackstone Slab"
"Minecraft","minecraft:blackstone_stairs",1114,"Blackstone Stairs"
"Minecraft","minecraft:blackstone_wall",364,"Blackstone Wall"
"Minecraft","minecraft:blast_furnace",1091,"Blast Furnace"
"Minecraft","minecraft:blaze_powder",906,"Blaze Powder"
"Minecraft","minecraft:blaze_rod",898,"Blaze Rod"
"Minecraft","minecraft:blaze_spawn_egg",916,"Blaze Spawn Egg"
"Minecraft","minecraft:blue_banner",1036,"Blue Banner"
"Minecraft","minecraft:blue_bed",880,"Blue Bed"
"Minecraft","minecraft:blue_candle",1137,"Blue Candle"
"Minecraft","minecraft:blue_carpet",409,"Blue Carpet"
"Minecraft","minecraft:blue_concrete",518,"Blue Concrete"
"Minecraft","minecraft:blue_concrete_powder",534,"Blue Concrete Powder"
"Minecraft","minecraft:blue_dye",860,"Blue Dye"
"Minecraft","minecraft:blue_glazed_terracotta",502,"Blue Glazed Terracotta"
"Minecraft","minecraft:blue_ice",570,"Blue Ice"
"Minecraft","minecraft:blue_orchid",185,"Blue Orchid"
"Minecraft","minecraft:blue_shulker_box",486,"Blue Shulker Box"
"Minecraft","minecraft:blue_stained_glass",434,"Blue Stained Glass"
"Minecraft","minecraft:blue_stained_glass_pane",450,"Blue Stained Glass Pane"
"Minecraft","minecraft:blue_terracotta",390,"Blue Terracotta"
"Minecraft","minecraft:blue_wool",178,"Blue Wool"
"Minecraft","minecraft:bone",866,"Bone"
"Minecraft","minecraft:bone_block",472,"Bone Block"
"Minecraft","minecraft:bone_meal",865,"Bone Meal"
"Minecraft","minecraft:book",830,"Book"
"Minecraft","minecraft:bookshelf",245,"Bookshelf"
"Minecraft","minecraft:bow",718,"Bow"
"Minecraft","minecraft:bowl",766,"Bowl"
"Minecraft","minecraft:brain_coral",551,"Brain Coral"
"Minecraft","minecraft:brain_coral_block",546,"Brain Coral Block"
"Minecraft","minecraft:brain_coral_fan",561,"Brain Coral Fan"
"Minecraft","minecraft:bread",773,"Bread"
"Minecraft","minecraft:brewing_stand",908,"Brewing Stand"
"Minecraft","minecraft:brick",826,"Brick"
"Minecraft","minecraft:brick_slab",229,"Brick Slab"
"Minecraft","minecraft:brick_stairs",316,"Brick Stairs"
"Minecraft","minecraft:brick_wall",351,"Brick Wall"
"Minecraft","minecraft:bricks",244,"Bricks"
"Minecraft","minecraft:brown_banner",1037,"Brown Banner"
"Minecraft","minecraft:brown_bed",881,"Brown Bed"
"Minecraft","minecraft:brown_candle",1138,"Brown Candle"
"Minecraft","minecraft:brown_carpet",410,"Brown Carpet"
"Minecraft","minecraft:brown_concrete",519,"Brown Concrete"
"Minecraft","minecraft:brown_concrete_powder",535,"Brown Concrete Powder"
"Minecraft","minecraft:brown_dye",861,"Brown Dye"
"Minecraft","minecraft:brown_glazed_terracotta",503,"Brown Glazed Terracotta"
"Minecraft","minecraft:brown_mushroom",197,"Brown Mushroom"
"Minecraft","minecraft:brown_mushroom_block",307,"Brown Mushroom Block"
"Minecraft","minecraft:brown_shulker_box",487,"Brown Shulker Box"
"Minecraft","minecraft:brown_stained_glass",435,"Brown Stained Glass"
"Minecraft","minecraft:brown_stained_glass_pane",451,"Brown Stained Glass Pane"
"Minecraft","minecraft:brown_terracotta",391,"Brown Terracotta"
"Minecraft","minecraft:brown_wool",179,"Brown Wool"
"Minecraft","minecraft:bubble_coral",552,"Bubble Coral"
"Minecraft","minecraft:bubble_coral_block",547,"Bubble Coral Block"
"Minecraft","minecraft:bubble_coral_fan",562,"Bubble Coral Fan"
"Minecraft","minecraft:bucket",813,"Bucket"
"Minecraft","minecraft:budding_amethyst",67,"Budding Amethyst"
"Minecraft","minecraft:bundle",835,"Bundle"
"Minecraft","minecraft:cactus",265,"Cactus"
"Minecraft","minecraft:cake",868,"Cake"
"Minecraft","minecraft:calcite",11,"Calcite"
"Minecraft","minecraft:campfire",1102,"Campfire"
"Minecraft","minecraft:candle",1125,"Candle"
"Minecraft","minecraft:carrot",990,"Carrot"
"Minecraft","minecraft:carrot_on_a_stick",695,"Carrot on a Stick"
"Minecraft","minecraft:cartography_table",1092,"Cartography Table"
"Minecraft","minecraft:carved_pumpkin",278,"Carved Pumpkin"
"Minecraft","minecraft:cat_spawn_egg",917,"Cat Spawn Egg"
"Minecraft","minecraft:cauldron",909,"Cauldron"
"Minecraft","minecraft:cave_spider_spawn_egg",918,"Cave Spider Spawn Egg"
"Minecraft","minecraft:chain",311,"Chain"
"Minecraft","minecraft:chain_command_block",467,"Chain Command Block"
"Minecraft","minecraft:chainmail_boots",781,"Chainmail Boots"
"Minecraft","minecraft:chainmail_chestplate",779,"Chainmail Chestplate"
"Minecraft","minecraft:chainmail_helmet",778,"Chainmail Helmet"
"Minecraft","minecraft:chainmail_leggings",780,"Chainmail Leggings"
"Minecraft","minecraft:charcoal",721,"Charcoal"
"Minecraft","minecraft:chest",256,"Chest"
"Minecraft","minecraft:chest_minecart",691,"Minecart with Chest"
"Minecraft","minecraft:chicken",894,"Raw Chicken"
"Minecraft","minecraft:chicken_spawn_egg",919,"Chicken Spawn Egg"
"Minecraft","minecraft:chipped_anvil",372,"Chipped Anvil"
"Minecraft","minecraft:chiseled_deepslate",305,"Chiseled Deepslate"
"Minecraft","minecraft:chiseled_nether_bricks",323,"Chiseled Nether Bricks"
"Minecraft","minecraft:chiseled_polished_blackstone",1119,"Chiseled Polished Blackstone"
"Minecraft","minecraft:chiseled_quartz_block",374,"Chiseled Quartz Block"
"Minecraft","minecraft:chiseled_red_sandstone",463,"Chiseled Red Sandstone"
"Minecraft","minecraft:chiseled_sandstone",157,"Chiseled Sandstone"
"Minecraft","minecraft:chiseled_stone_bricks",298,"Chiseled Stone Bricks"
"Minecraft","minecraft:chorus_flower",251,"Chorus Flower"
"Minecraft","minecraft:chorus_fruit",1042,"Chorus Fruit"
"Minecraft","minecraft:chorus_plant",250,"Chorus Plant"
"Minecraft","minecraft:clay",266,"Clay"
"Minecraft","minecraft:clay_ball",827,"Clay Ball"
"Minecraft","minecraft:clock",837,"Clock"
"Minecraft","minecraft:coal",720,"Coal"
"Minecraft","minecraft:coal_block",62,"Block of Coal"
"Minecraft","minecraft:coal_ore",43,"Coal Ore"
"Minecraft","minecraft:coarse_dirt",16,"Coarse Dirt"
"Minecraft","minecraft:cobbled_deepslate",9,"Cobbled Deepslate"
"Minecraft","minecraft:cobbled_deepslate_slab",603,"Cobbled Deepslate Slab"
"Minecraft","minecraft:cobbled_deepslate_stairs",586,"Cobbled Deepslate Stairs"
"Minecraft","minecraft:cobbled_deepslate_wall",367,"Cobbled Deepslate Wall"
"Minecraft","minecraft:cobblestone",22,"Cobblestone"
"Minecraft","minecraft:cobblestone_slab",228,"Cobblestone Slab"
"Minecraft","minecraft:cobblestone_stairs",261,"Cobblestone Stairs"
"Minecraft","minecraft:cobblestone_wall",349,"Cobblestone Wall"
"Minecraft","minecraft:cobweb",159,"Cobweb"
"Minecraft","minecraft:cocoa_beans",848,"Cocoa Beans"
"Minecraft","minecraft:cod",840,"Raw Cod"
"Minecraft","minecraft:cod_bucket",822,"Bucket of Cod"
"Minecraft","minecraft:cod_spawn_egg",920,"Cod Spawn Egg"
"Minecraft","minecraft:command_block",347,"Command Block"
"Minecraft","minecraft:command_block_minecart",1022,"Minecart with Command Block"
"Minecraft","minecraft:comparator",612,"Redstone Comparator"
"Minecraft","minecraft:compass",833,"Compass"
"Minecraft","minecraft:composter",1088,"Composter"
"Minecraft","minecraft:conduit",571,"Conduit"
"Minecraft","minecraft:cooked_beef",893,"Steak"
"Minecraft","minecraft:cooked_chicken",895,"Cooked Chicken"
"Minecraft","minecraft:cooked_cod",844,"Cooked Cod"
"Minecraft","minecraft:cooked_mutton",1024,"Cooked Mutton"
"Minecraft","minecraft:cooked_porkchop",800,"Cooked Porkchop"
"Minecraft","minecraft:cooked_rabbit",1011,"Cooked Rabbit"
"Minecraft","minecraft:cooked_salmon",845,"Cooked Salmon"
"Minecraft","minecraft:cookie",885,"Cookie"
"Minecraft","minecraft:copper_block",69,"Block of Copper"
"Minecraft","minecraft:copper_ingot",730,"Copper Ingot"
"Minecraft","minecraft:copper_ore",47,"Copper Ore"
"Minecraft","minecraft:cornflower",193,"Cornflower"
"Minecraft","minecraft:cow_spawn_egg",921,"Cow Spawn Egg"
"Minecraft","minecraft:cracked_deepslate_bricks",302,"Cracked Deepslate Bricks"
"Minecraft","minecraft:cracked_deepslate_tiles",304,"Cracked Deepslate Tiles"
"Minecraft","minecraft:cracked_nether_bricks",322,"Cracked Nether Bricks"
"Minecraft","minecraft:cracked_polished_blackstone_bricks",1123,"Cracked Polished Blackstone Bricks"
"Minecraft","minecraft:cracked_stone_bricks",297,"Cracked Stone Bricks"
"Minecraft","minecraft:crafting_table",257,"Crafting Table"
"Minecraft","minecraft:creeper_banner_pattern",1082,"Banner Pattern"
"Minecraft","minecraft:creeper_head",1000,"Creeper Head"
"Minecraft","minecraft:creeper_spawn_egg",922,"Creeper Spawn Egg"
"Minecraft","minecraft:crimson_button",641,"Crimson Button"
"Minecraft","minecraft:crimson_door",664,"Crimson Door"
"Minecraft","minecraft:crimson_fence",275,"Crimson Fence"
"Minecraft","minecraft:crimson_fence_gate",683,"Crimson Fence Gate"
"Minecraft","minecraft:crimson_fungus",199,"Crimson Fungus"
"Minecraft","minecraft:crimson_hyphae",140,"Crimson Hyphae"
"Minecraft","minecraft:crimson_nylium",20,"Crimson Nylium"
"Minecraft","minecraft:crimson_planks",30,"Crimson Planks"
"Minecraft","minecraft:crimson_pressure_plate",654,"Crimson Pressure Plate"
"Minecraft","minecraft:crimson_roots",201,"Crimson Roots"
"Minecraft","minecraft:crimson_sign",811,"Crimson Sign"
"Minecraft","minecraft:crimson_slab",221,"Crimson Slab"
"Minecraft","minecraft:crimson_stairs",345,"Crimson Stairs"
"Minecraft","minecraft:crimson_stem",113,"Crimson Stem"
"Minecraft","minecraft:crimson_trapdoor",674,"Crimson Trapdoor"
"Minecraft","minecraft:crossbow",1078,"Crossbow"
"Minecraft","minecraft:crying_obsidian",1111,"Crying Obsidian"
"Minecraft","minecraft:cut_copper",76,"Cut Copper"
"Minecraft","minecraft:cut_copper_slab",84,"Cut Copper Slab"
"Minecraft","minecraft:cut_copper_stairs",80,"Cut Copper Stairs"
"Minecraft","minecraft:cut_red_sandstone",464,"Cut Red Sandstone"
"Minecraft","minecraft:cut_red_sandstone_slab",235,"Cut Red Sandstone Slab"
"Minecraft","minecraft:cut_sandstone",158,"Cut Sandstone"
"Minecraft","minecraft:cut_sandstone_slab",226,"Cut Sandstone Slab"
"Minecraft","minecraft:cyan_banner",1034,"Cyan Banner"
"Minecraft","minecraft:cyan_bed",878,"Cyan Bed"
"Minecraft","minecraft:cyan_candle",1135,"Cyan Candle"
"Minecraft","minecraft:cyan_carpet",407,"Cyan Carpet"
"Minecraft","minecraft:cyan_concrete",516,"Cyan Concrete"
"Minecraft","minecraft:cyan_concrete_powder",532,"Cyan Concrete Powder"
"Minecraft","minecraft:cyan_dye",858,"Cyan Dye"
"Minecraft","minecraft:cyan_glazed_terracotta",500,"Cyan Glazed Terracotta"
"Minecraft","minecraft:cyan_shulker_box",484,"Cyan Shulker Box"
"Minecraft","minecraft:cyan_stained_glass",432,"Cyan Stained Glass"
"Minecraft","minecraft:cyan_stained_glass_pane",448,"Cyan Stained Glass Pane"
"Minecraft","minecraft:cyan_terracotta",388,"Cyan Terracotta"
"Minecraft","minecraft:cyan_wool",176,"Cyan Wool"
"Minecraft","minecraft:damaged_anvil",373,"Damaged Anvil"
"Minecraft","minecraft:dandelion",183,"Dandelion"
"Minecraft","minecraft:dark_oak_boat",708,"Dark Oak Boat"
"Minecraft","minecraft:dark_oak_button",639,"Dark Oak Button"
"Minecraft","minecraft:dark_oak_chest_boat",709,"Dark Oak Boat with Chest"
"Minecraft","minecraft:dark_oak_door",662,"Dark Oak Door"
"Minecraft","minecraft:dark_oak_fence",273,"Dark Oak Fence"
"Minecraft","minecraft:dark_oak_fence_gate",681,"Dark Oak Fence Gate"
"Minecraft","minecraft:dark_oak_leaves",147,"Dark Oak Leaves"
"Minecraft","minecraft:dark_oak_log",109,"Dark Oak Log"
"Minecraft","minecraft:dark_oak_planks",28,"Dark Oak Planks"
"Minecraft","minecraft:dark_oak_pressure_plate",652,"Dark Oak Pressure Plate"
"Minecraft","minecraft:dark_oak_sapling",37,"Dark Oak Sapling"
"Minecraft","minecraft:dark_oak_sign",809,"Dark Oak Sign"
"Minecraft","minecraft:dark_oak_slab",219,"Dark Oak Slab"
"Minecraft","minecraft:dark_oak_stairs",343,"Dark Oak Stairs"
"Minecraft","minecraft:dark_oak_trapdoor",672,"Dark Oak Trapdoor"
"Minecraft","minecraft:dark_oak_wood",138,"Dark Oak Wood"
"Minecraft","minecraft:dark_prismarine",457,"Dark Prismarine"
"Minecraft","minecraft:dark_prismarine_slab",239,"Dark Prismarine Slab"
"Minecraft","minecraft:dark_prismarine_stairs",460,"Dark Prismarine Stairs"
"Minecraft","minecraft:daylight_detector",625,"Daylight Detector"
"Minecraft","minecraft:dead_brain_coral",555,"Dead Brain Coral"
"Minecraft","minecraft:dead_brain_coral_block",541,"Dead Brain Coral Block"
"Minecraft","minecraft:dead_brain_coral_fan",566,"Dead Brain Coral Fan"
"Minecraft","minecraft:dead_bubble_coral",556,"Dead Bubble Coral"
"Minecraft","minecraft:dead_bubble_coral_block",542,"Dead Bubble Coral Block"
"Minecraft","minecraft:dead_bubble_coral_fan",567,"Dead Bubble Coral Fan"
"Minecraft","minecraft:dead_bush",164,"Dead Bush"
"Minecraft","minecraft:dead_fire_coral",557,"Dead Fire Coral"
"Minecraft","minecraft:dead_fire_coral_block",543,"Dead Fire Coral Block"
"Minecraft","minecraft:dead_fire_coral_fan",568,"Dead Fire Coral Fan"
"Minecraft","minecraft:dead_horn_coral",558,"Dead Horn Coral"
"Minecraft","minecraft:dead_horn_coral_block",544,"Dead Horn Coral Block"
"Minecraft","minecraft:dead_horn_coral_fan",569,"Dead Horn Coral Fan"
"Minecraft","minecraft:dead_tube_coral",559,"Dead Tube Coral"
"Minecraft","minecraft:dead_tube_coral_block",540,"Dead Tube Coral Block"
"Minecraft","minecraft:dead_tube_coral_fan",565,"Dead Tube Coral Fan"
"Minecraft","minecraft:debug_stick",1057,"Debug Stick"
"Minecraft","minecraft:deepslate",8,"Deepslate"
"Minecraft","minecraft:deepslate_brick_slab",605,"Deepslate Brick Slab"
"Minecraft","minecraft:deepslate_brick_stairs",588,"Deepslate Brick Stairs"
"Minecraft","minecraft:deepslate_brick_wall",369,"Deepslate Brick Wall"
"Minecraft","minecraft:deepslate_bricks",301,"Deepslate Bricks"
"Minecraft","minecraft:deepslate_coal_ore",44,"Deepslate Coal Ore"
"Minecraft","minecraft:deepslate_copper_ore",48,"Deepslate Copper Ore"
"Minecraft","minecraft:deepslate_diamond_ore",58,"Deepslate Diamond Ore"
"Minecraft","minecraft:deepslate_emerald_ore",54,"Deepslate Emerald Ore"
"Minecraft","minecraft:deepslate_gold_ore",50,"Deepslate Gold Ore"
"Minecraft","minecraft:deepslate_iron_ore",46,"Deepslate Iron Ore"
"Minecraft","minecraft:deepslate_lapis_ore",56,"Deepslate Lapis Lazuli Ore"
"Minecraft","minecraft:deepslate_redstone_ore",52,"Deepslate Redstone Ore"
"Minecraft","minecraft:deepslate_tile_slab",606,"Deepslate Tile Slab"
"Minecraft","minecraft:deepslate_tile_stairs",589,"Deepslate Tile Stairs"
"Minecraft","minecraft:deepslate_tile_wall",370,"Deepslate Tile Wall"
"Minecraft","minecraft:deepslate_tiles",303,"Deepslate Tiles"
"Minecraft","minecraft:detector_rail",686,"Detector Rail"
"Minecraft","minecraft:diamond",722,"Diamond"
"Minecraft","minecraft:diamond_axe",758,"Diamond Axe"
"Minecraft","minecraft:diamond_block",71,"Block of Diamond"
"Minecraft","minecraft:diamond_boots",789,"Diamond Boots"
"Minecraft","minecraft:diamond_chestplate",787,"Diamond Chestplate"
"Minecraft","minecraft:diamond_helmet",786,"Diamond Helmet"
"Minecraft","minecraft:diamond_hoe",759,"Diamond Hoe"
"Minecraft","minecraft:diamond_horse_armor",1018,"Diamond Horse Armor"
"Minecraft","minecraft:diamond_leggings",788,"Diamond Leggings"
"Minecraft","minecraft:diamond_ore",57,"Diamond Ore"
"Minecraft","minecraft:diamond_pickaxe",757,"Diamond Pickaxe"
"Minecraft","minecraft:diamond_shovel",756,"Diamond Shovel"
"Minecraft","minecraft:diamond_sword",755,"Diamond Sword"
"Minecraft","minecraft:diorite",4,"Diorite"
"Minecraft","minecraft:diorite_slab",602,"Diorite Slab"
"Minecraft","minecraft:diorite_stairs",585,"Diorite Stairs"
"Minecraft","minecraft:diorite_wall",363,"Diorite Wall"
"Minecraft","minecraft:dirt",15,"Dirt"
"Minecraft","minecraft:dirt_path",416,"Dirt Path"
"Minecraft","minecraft:disc_fragment_5",1073,"Disc Fragment"
"Minecraft","minecraft:dispenser",619,"Dispenser"
"Minecraft","minecraft:dolphin_spawn_egg",923,"Dolphin Spawn Egg"
"Minecraft","minecraft:donkey_spawn_egg",924,"Donkey Spawn Egg"
"Minecraft","minecraft:dragon_breath",1047,"Dragon's Breath"
"Minecraft","minecraft:dragon_egg",334,"Dragon Egg"
"Minecraft","minecraft:dragon_head",1001,"Dragon Head"
"Minecraft","minecraft:dried_kelp",889,"Dried Kelp"
"Minecraft","minecraft:dried_kelp_block",828,"Dried Kelp Block"
"Minecraft","minecraft:dripstone_block",13,"Dripstone Block"
"Minecraft","minecraft:dropper",620,"Dropper"
"Minecraft","minecraft:drowned_spawn_egg",925,"Drowned Spawn Egg"
"Minecraft","minecraft:echo_shard",1151,"Echo Shard"
"Minecraft","minecraft:egg",832,"Egg"
"Minecraft","minecraft:elder_guardian_spawn_egg",926,"Elder Guardian Spawn Egg"
"Minecraft","minecraft:elytra",697,"Elytra"
"Minecraft","minecraft:emerald",723,"Emerald"
"Minecraft","minecraft:emerald_block",337,"Block of Emerald"
"Minecraft","minecraft:emerald_ore",53,"Emerald Ore"
"Minecraft","minecraft:enchanted_book",1006,"Enchanted Book"
"Minecraft","minecraft:enchanted_golden_apple",803,"Enchanted Golden Apple"
"Minecraft","minecraft:enchanting_table",330,"Enchanting Table"
"Minecraft","minecraft:end_crystal",1041,"End Crystal"
"Minecraft","minecraft:end_portal_frame",331,"End Portal Frame"
"Minecraft","minecraft:end_rod",249,"End Rod"
"Minecraft","minecraft:end_stone",332,"End Stone"
"Minecraft","minecraft:end_stone_brick_slab",595,"End Stone Brick Slab"
"Minecraft","minecraft:end_stone_brick_stairs",577,"End Stone Brick Stairs"
"Minecraft","minecraft:end_stone_brick_wall",362,"End Stone Brick Wall"
"Minecraft","minecraft:end_stone_bricks",333,"End Stone Bricks"
"Minecraft","minecraft:ender_chest",336,"Ender Chest"
"Minecraft","minecraft:ender_eye",910,"Eye of Ender"
"Minecraft","minecraft:ender_pearl",897,"Ender Pearl"
"Minecraft","minecraft:enderman_spawn_egg",927,"Enderman Spawn Egg"
"Minecraft","minecraft:endermite_spawn_egg",928,"Endermite Spawn Egg"
"Minecraft","minecraft:evoker_spawn_egg",929,"Evoker Spawn Egg"
"Minecraft","minecraft:experience_bottle",983,"Bottle o' Enchanting"
"Minecraft","minecraft:exposed_copper",73,"Exposed Copper"
"Minecraft","minecraft:exposed_cut_copper",77,"Exposed Cut Copper"
"Minecraft","minecraft:exposed_cut_copper_slab",85,"Exposed Cut Copper Slab"
"Minecraft","minecraft:exposed_cut_copper_stairs",81,"Exposed Cut Copper Stairs"
"Minecraft","minecraft:farmland",258,"Farmland"
"Minecraft","minecraft:feather",769,"Feather"
"Minecraft","minecraft:fermented_spider_eye",905,"Fermented Spider Eye"
"Minecraft","minecraft:fern",161,"Fern"
"Minecraft","minecraft:filled_map",886,"Map"
"Minecraft","minecraft:fire_charge",984,"Fire Charge"
"Minecraft","minecraft:fire_coral",553,"Fire Coral"
"Minecraft","minecraft:fire_coral_block",548,"Fire Coral Block"
"Minecraft","minecraft:fire_coral_fan",563,"Fire Coral Fan"
"Minecraft","minecraft:firework_rocket",1004,"Firework Rocket"
"Minecraft","minecraft:firework_star",1005,"Firework Star"
"Minecraft","minecraft:fishing_rod",836,"Fishing Rod"
"Minecraft","minecraft:fletching_table",1093,"Fletching Table"
"Minecraft","minecraft:flint",798,"Flint"
"Minecraft","minecraft:flint_and_steel",716,"Flint and Steel"
"Minecraft","minecraft:flower_banner_pattern",1081,"Banner Pattern"
"Minecraft","minecraft:flower_pot",989,"Flower Pot"
"Minecraft","minecraft:flowering_azalea",163,"Flowering Azalea"
"Minecraft","minecraft:flowering_azalea_leaves",150,"Flowering Azalea Leaves"
"Minecraft","minecraft:fox_spawn_egg",930,"Fox Spawn Egg"
"Minecraft","minecraft:frog_spawn_egg",931,"Frog Spawn Egg"
"Minecraft","minecraft:frogspawn",1150,"Frogspawn"
"Minecraft","minecraft:furnace",259,"Furnace"
"Minecraft","minecraft:furnace_minecart",692,"Minecart with Furnace"
"Minecraft","minecraft:ghast_spawn_egg",932,"Ghast Spawn Egg"
"Minecraft","minecraft:ghast_tear",899,"Ghast Tear"
"Minecraft","minecraft:gilded_blackstone",1115,"Gilded Blackstone"
"Minecraft","minecraft:glass",153,"Glass"
"Minecraft","minecraft:glass_bottle",903,"Glass Bottle"
"Minecraft","minecraft:glass_pane",312,"Glass Pane"
"Minecraft","minecraft:glistering_melon_slice",911,"Glistering Melon Slice"
"Minecraft","minecraft:globe_banner_pattern",1085,"Banner Pattern"
"Minecraft","minecraft:glow_berries",1101,"Glow Berries"
"Minecraft","minecraft:glow_ink_sac",847,"Glow Ink Sac"
"Minecraft","minecraft:glow_item_frame",988,"Glow Item Frame"
"Minecraft","minecraft:glow_lichen",315,"Glow Lichen"
"Minecraft","minecraft:glow_squid_spawn_egg",933,"Glow Squid Spawn Egg"
"Minecraft","minecraft:glowstone",287,"Glowstone"
"Minecraft","minecraft:glowstone_dust",839,"Glowstone Dust"
"Minecraft","minecraft:goat_horn",1087,"Goat Horn"
"Minecraft","minecraft:goat_spawn_egg",934,"Goat Spawn Egg"
"Minecraft","minecraft:gold_block",70,"Block of Gold"
"Minecraft","minecraft:gold_ingot",732,"Gold Ingot"
"Minecraft","minecraft:gold_nugget",900,"Gold Nugget"
"Minecraft","minecraft:gold_ore",49,"Gold Ore"
"Minecraft","minecraft:golden_apple",802,"Golden Apple"
"Minecraft","minecraft:golden_axe",748,"Golden Axe"
"Minecraft","minecraft:golden_boots",793,"Golden Boots"
"Minecraft","minecraft:golden_carrot",995,"Golden Carrot"
"Minecraft","minecraft:golden_chestplate",791,"Golden Chestplate"
"Minecraft","minecraft:golden_helmet",790,"Golden Helmet"
"Minecraft","minecraft:golden_hoe",749,"Golden Hoe"
"Minecraft","minecraft:golden_horse_armor",1017,"Golden Horse Armor"
"Minecraft","minecraft:golden_leggings",792,"Golden Leggings"
"Minecraft","minecraft:golden_pickaxe",747,"Golden Pickaxe"
"Minecraft","minecraft:golden_shovel",746,"Golden Shovel"
"Minecraft","minecraft:golden_sword",745,"Golden Sword"
"Minecraft","minecraft:granite",2,"Granite"
"Minecraft","minecraft:granite_slab",598,"Granite Slab"
"Minecraft","minecraft:granite_stairs",581,"Granite Stairs"
"Minecraft","minecraft:granite_wall",355,"Granite Wall"
"Minecraft","minecraft:grass",160,"Grass"
"Minecraft","minecraft:grass_block",14,"Grass Block"
"Minecraft","minecraft:gravel",42,"Gravel"
"Minecraft","minecraft:gray_banner",1032,"Gray Banner"
"Minecraft","minecraft:gray_bed",876,"Gray Bed"
"Minecraft","minecraft:gray_candle",1133,"Gray Candle"
"Minecraft","minecraft:gray_carpet",405,"Gray Carpet"
"Minecraft","minecraft:gray_concrete",514,"Gray Concrete"
"Minecraft","minecraft:gray_concrete_powder",530,"Gray Concrete Powder"
"Minecraft","minecraft:gray_dye",856,"Gray Dye"
"Minecraft","minecraft:gray_glazed_terracotta",498,"Gray Glazed Terracotta"
"Minecraft","minecraft:gray_shulker_box",482,"Gray Shulker Box"
"Minecraft","minecraft:gray_stained_glass",430,"Gray Stained Glass"
"Minecraft","minecraft:gray_stained_glass_pane",446,"Gray Stained Glass Pane"
"Minecraft","minecraft:gray_terracotta",386,"Gray Terracotta"
"Minecraft","minecraft:gray_wool",174,"Gray Wool"
"Minecraft","minecraft:green_banner",1038,"Green Banner"
"Minecraft","minecraft:green_bed",882,"Green Bed"
"Minecraft","minecraft:green_candle",1139,"Green Candle"
"Minecraft","minecraft:green_carpet",411,"Green Carpet"
"Minecraft","minecraft:green_concrete",520,"Green Concrete"
"Minecraft","minecraft:green_concrete_powder",536,"Green Concrete Powder"
"Minecraft","minecraft:green_dye",862,"Green Dye"
"Minecraft","minecraft:green_glazed_terracotta",504,"Green Glazed Terracotta"
"Minecraft","minecraft:green_shulker_box",488,"Green Shulker Box"
"Minecraft","minecraft:green_stained_glass",436,"Green Stained Glass"
"Minecraft","minecraft:green_stained_glass_pane",452,"Green Stained Glass Pane"
"Minecraft","minecraft:green_terracotta",392,"Green Terracotta"
"Minecraft","minecraft:green_wool",180,"Green Wool"
"Minecraft","minecraft:grindstone",1094,"Grindstone"
"Minecraft","minecraft:guardian_spawn_egg",935,"Guardian Spawn Egg"
"Minecraft","minecraft:gunpowder",770,"Gunpowder"
"Minecraft","minecraft:hanging_roots",210,"Hanging Roots"
"Minecraft","minecraft:hay_block",397,"Hay Bale"
"Minecraft","minecraft:heart_of_the_sea",1077,"Heart of the Sea"
"Minecraft","minecraft:heavy_weighted_pressure_plate",646,"Heavy Weighted Pressure Plate"
"Minecraft","minecraft:hoglin_spawn_egg",936,"Hoglin Spawn Egg"
"Minecraft","minecraft:honey_block",616,"Honey Block"
"Minecraft","minecraft:honey_bottle",1108,"Honey Bottle"
"Minecraft","minecraft:honeycomb",1105,"Honeycomb"
"Minecraft","minecraft:honeycomb_block",1109,"Honeycomb Block"
"Minecraft","minecraft:hopper",618,"Hopper"
"Minecraft","minecraft:hopper_minecart",694,"Minecart with Hopper"
"Minecraft","minecraft:horn_coral",554,"Horn Coral"
"Minecraft","minecraft:horn_coral_block",549,"Horn Coral Block"
"Minecraft","minecraft:horn_coral_fan",564,"Horn Coral Fan"
"Minecraft","minecraft:horse_spawn_egg",937,"Horse Spawn Egg"
"Minecraft","minecraft:husk_spawn_egg",938,"Husk Spawn Egg"
"Minecraft","minecraft:ice",263,"Ice"
"Minecraft","minecraft:infested_chiseled_stone_bricks",293,"Infested Chiseled Stone Bricks"
"Minecraft","minecraft:infested_cobblestone",289,"Infested Cobblestone"
"Minecraft","minecraft:infested_cracked_stone_bricks",292,"Infested Cracked Stone Bricks"
"Minecraft","minecraft:infested_deepslate",294,"Infested Deepslate"
"Minecraft","minecraft:infested_mossy_stone_bricks",291,"Infested Mossy Stone Bricks"
"Minecraft","minecraft:infested_stone",288,"Infested Stone"
"Minecraft","minecraft:infested_stone_bricks",290,"Infested Stone Bricks"
"Minecraft","minecraft:ink_sac",846,"Ink Sac"
"Minecraft","minecraft:iron_axe",753,"Iron Axe"
"Minecraft","minecraft:iron_bars",310,"Iron Bars"
"Minecraft","minecraft:iron_block",68,"Block of Iron"
"Minecraft","minecraft:iron_boots",785,"Iron Boots"
"Minecraft","minecraft:iron_chestplate",783,"Iron Chestplate"
"Minecraft","minecraft:iron_door",656,"Iron Door"
"Minecraft","minecraft:iron_helmet",782,"Iron Helmet"
"Minecraft","minecraft:iron_hoe",754,"Iron Hoe"
"Minecraft","minecraft:iron_horse_armor",1016,"Iron Horse Armor"
"Minecraft","minecraft:iron_ingot",728,"Iron Ingot"
"Minecraft","minecraft:iron_leggings",784,"Iron Leggings"
"Minecraft","minecraft:iron_nugget",1055,"Iron Nugget"
"Minecraft","minecraft:iron_ore",45,"Iron Ore"
"Minecraft","minecraft:iron_pickaxe",752,"Iron Pickaxe"
"Minecraft","minecraft:iron_shovel",751,"Iron Shovel"
"Minecraft","minecraft:iron_sword",750,"Iron Sword"
"Minecraft","minecraft:iron_trapdoor",666,"Iron Trapdoor"
"Minecraft","minecraft:item_frame",987,"Item Frame"
"Minecraft","minecraft:jack_o_lantern",279,"Jack o'Lantern"
"Minecraft","minecraft:jigsaw",713,"Jigsaw Block"
"Minecraft","minecraft:jukebox",267,"Jukebox"
"Minecraft","minecraft:jungle_boat",704,"Jungle Boat"
"Minecraft","minecraft:jungle_button",637,"Jungle Button"
"Minecraft","minecraft:jungle_chest_boat",705,"Jungle Boat with Chest"
"Minecraft","minecraft:jungle_door",660,"Jungle Door"
"Minecraft","minecraft:jungle_fence",271,"Jungle Fence"
"Minecraft","minecraft:jungle_fence_gate",679,"Jungle Fence Gate"
"Minecraft","minecraft:jungle_leaves",145,"Jungle Leaves"
"Minecraft","minecraft:jungle_log",107,"Jungle Log"
"Minecraft","minecraft:jungle_planks",26,"Jungle Planks"
"Minecraft","minecraft:jungle_pressure_plate",650,"Jungle Pressure Plate"
"Minecraft","minecraft:jungle_sapling",35,"Jungle Sapling"
"Minecraft","minecraft:jungle_sign",807,"Jungle Sign"
"Minecraft","minecraft:jungle_slab",217,"Jungle Slab"
"Minecraft","minecraft:jungle_stairs",341,"Jungle Stairs"
"Minecraft","minecraft:jungle_trapdoor",670,"Jungle Trapdoor"
"Minecraft","minecraft:jungle_wood",136,"Jungle Wood"
"Minecraft","minecraft:kelp",207,"Kelp"
"Minecraft","minecraft:knowledge_book",1056,"Knowledge Book"
"Minecraft","minecraft:ladder",260,"Ladder"
"Minecraft","minecraft:lantern",1098,"Lantern"
"Minecraft","minecraft:lapis_block",155,"Block of Lapis Lazuli"
"Minecraft","minecraft:lapis_lazuli",724,"Lapis Lazuli"
"Minecraft","minecraft:lapis_ore",55,"Lapis Lazuli Ore"
"Minecraft","minecraft:large_amethyst_bud",1144,"Large Amethyst Bud"
"Minecraft","minecraft:large_fern",422,"Large Fern"
"Minecraft","minecraft:lava_bucket",815,"Lava Bucket"
"Minecraft","minecraft:lead",1020,"Lead"
"Minecraft","minecraft:leather",818,"Leather"
"Minecraft","minecraft:leather_boots",777,"Leather Boots"
"Minecraft","minecraft:leather_chestplate",775,"Leather Tunic"
"Minecraft","minecraft:leather_helmet",774,"Leather Cap"
"Minecraft","minecraft:leather_horse_armor",1019,"Leather Horse Armor"
"Minecraft","minecraft:leather_leggings",776,"Leather Pants"
"Minecraft","minecraft:lectern",621,"Lectern"
"Minecraft","minecraft:lever",623,"Lever"
"Minecraft","minecraft:light",396,"Light"
"Minecraft","minecraft:light_blue_banner",1028,"Light Blue Banner"
"Minecraft","minecraft:light_blue_bed",872,"Light Blue Bed"
"Minecraft","minecraft:light_blue_candle",1129,"Light Blue Candle"
"Minecraft","minecraft:light_blue_carpet",401,"Light Blue Carpet"
"Minecraft","minecraft:light_blue_concrete",510,"Light Blue Concrete"
"Minecraft","minecraft:light_blue_concrete_powder",526,"Light Blue Concrete Powder"
"Minecraft","minecraft:light_blue_dye",852,"Light Blue Dye"
"Minecraft","minecraft:light_blue_glazed_terracotta",494,"Light Blue Glazed Terracotta"
"Minecraft","minecraft:light_blue_shulker_box",478,"Light Blue Shulker Box"
"Minecraft","minecraft:light_blue_stained_glass",426,"Light Blue Stained Glass"
"Minecraft","minecraft:light_blue_stained_glass_pane",442,"Light Blue Stained Glass Pane"
"Minecraft","minecraft:light_blue_terracotta",382,"Light Blue Terracotta"
"Minecraft","minecraft:light_blue_wool",170,"Light Blue Wool"
"Minecraft","minecraft:light_gray_banner",1033,"Light Gray Banner"
"Minecraft","minecraft:light_gray_bed",877,"Light Gray Bed"
"Minecraft","minecraft:light_gray_candle",1134,"Light Gray Candle"
"Minecraft","minecraft:light_gray_carpet",406,"Light Gray Carpet"
"Minecraft","minecraft:light_gray_concrete",515,"Light Gray Concrete"
"Minecraft","minecraft:light_gray_concrete_powder",531,"Light Gray Concrete Powder"
"Minecraft","minecraft:light_gray_dye",857,"Light Gray Dye"
"Minecraft","minecraft:light_gray_glazed_terracotta",499,"Light Gray Glazed Terracotta"
"Minecraft","minecraft:light_gray_shulker_box",483,"Light Gray Shulker Box"
"Minecraft","minecraft:light_gray_stained_glass",431,"Light Gray Stained Glass"
"Minecraft","minecraft:light_gray_stained_glass_pane",447,"Light Gray Stained Glass Pane"
"Minecraft","minecraft:light_gray_terracotta",387,"Light Gray Terracotta"
"Minecraft","minecraft:light_gray_wool",175,"Light Gray Wool"
"Minecraft","minecraft:light_weighted_pressure_plate",645,"Light Weighted Pressure Plate"
"Minecraft","minecraft:lightning_rod",624,"Lightning Rod"
"Minecraft","minecraft:lilac",418,"Lilac"
"Minecraft","minecraft:lily_of_the_valley",194,"Lily of the Valley"
"Minecraft","minecraft:lily_pad",320,"Lily Pad"
"Minecraft","minecraft:lime_banner",1030,"Lime Banner"
"Minecraft","minecraft:lime_bed",874,"Lime Bed"
"Minecraft","minecraft:lime_candle",1131,"Lime Candle"
"Minecraft","minecraft:lime_carpet",403,"Lime Carpet"
"Minecraft","minecraft:lime_concrete",512,"Lime Concrete"
"Minecraft","minecraft:lime_concrete_powder",528,"Lime Concrete Powder"
"Minecraft","minecraft:lime_dye",854,"Lime Dye"
"Minecraft","minecraft:lime_glazed_terracotta",496,"Lime Glazed Terracotta"
"Minecraft","minecraft:lime_shulker_box",480,"Lime Shulker Box"
"Minecraft","minecraft:lime_stained_glass",428,"Lime Stained Glass"
"Minecraft","minecraft:lime_stained_glass_pane",444,"Lime Stained Glass Pane"
"Minecraft","minecraft:lime_terracotta",384,"Lime Terracotta"
"Minecraft","minecraft:lime_wool",172,"Lime Wool"
"Minecraft","minecraft:lingering_potion",1051,"Lingering Uncraftable Potion"
"Minecraft","minecraft:llama_spawn_egg",939,"Llama Spawn Egg"
"Minecraft","minecraft:lodestone",1110,"Lodestone"
"Minecraft","minecraft:loom",1080,"Loom"
"Minecraft","minecraft:magenta_banner",1027,"Magenta Banner"
"Minecraft","minecraft:magenta_bed",871,"Magenta Bed"
"Minecraft","minecraft:magenta_candle",1128,"Magenta Candle"
"Minecraft","minecraft:magenta_carpet",400,"Magenta Carpet"
"Minecraft","minecraft:magenta_concrete",509,"Magenta Concrete"
"Minecraft","minecraft:magenta_concrete_powder",525,"Magenta Concrete Powder"
"Minecraft","minecraft:magenta_dye",851,"Magenta Dye"
"Minecraft","minecraft:magenta_glazed_terracotta",493,"Magenta Glazed Terracotta"
"Minecraft","minecraft:magenta_shulker_box",477,"Magenta Shulker Box"
"Minecraft","minecraft:magenta_stained_glass",425,"Magenta Stained Glass"
"Minecraft","minecraft:magenta_stained_glass_pane",441,"Magenta Stained Glass Pane"
"Minecraft","minecraft:magenta_terracotta",381,"Magenta Terracotta"
"Minecraft","minecraft:magenta_wool",169,"Magenta Wool"
"Minecraft","minecraft:magma_block",468,"Magma Block"
"Minecraft","minecraft:magma_cream",907,"Magma Cream"
"Minecraft","minecraft:magma_cube_spawn_egg",940,"Magma Cube Spawn Egg"
"Minecraft","minecraft:mangrove_boat",710,"Mangrove Boat"
"Minecraft","minecraft:mangrove_button",640,"Mangrove Button"
"Minecraft","minecraft:mangrove_chest_boat",711,"Mangrove Boat with Chest"
"Minecraft","minecraft:mangrove_door",663,"Mangrove Door"
"Minecraft","minecraft:mangrove_fence",274,"Mangrove Fence"
"Minecraft","minecraft:mangrove_fence_gate",682,"Mangrove Fence Gate"
"Minecraft","minecraft:mangrove_leaves",148,"Mangrove Leaves"
"Minecraft","minecraft:mangrove_log",110,"Mangrove Log"
"Minecraft","minecraft:mangrove_planks",29,"Mangrove Planks"
"Minecraft","minecraft:mangrove_pressure_plate",653,"Mangrove Pressure Plate"
"Minecraft","minecraft:mangrove_propagule",38,"Mangrove Propagule"
"Minecraft","minecraft:mangrove_roots",111,"Mangrove Roots"
"Minecraft","minecraft:mangrove_sign",810,"Mangrove Sign"
"Minecraft","minecraft:mangrove_slab",220,"Mangrove Slab"
"Minecraft","minecraft:mangrove_stairs",344,"Mangrove Stairs"
"Minecraft","minecraft:mangrove_trapdoor",673,"Mangrove Trapdoor"
"Minecraft","minecraft:mangrove_wood",139,"Mangrove Wood"
"Minecraft","minecraft:map",994,"Empty Map"
"Minecraft","minecraft:medium_amethyst_bud",1143,"Medium Amethyst Bud"
"Minecraft","minecraft:melon",313,"Melon"
"Minecraft","minecraft:melon_seeds",891,"Melon Seeds"
"Minecraft","minecraft:melon_slice",888,"Melon Slice"
"Minecraft","minecraft:milk_bucket",819,"Milk Bucket"
"Minecraft","minecraft:minecart",690,"Minecart"
"Minecraft","minecraft:mojang_banner_pattern",1084,"Banner Pattern"
"Minecraft","minecraft:mooshroom_spawn_egg",941,"Mooshroom Spawn Egg"
"Minecraft","minecraft:moss_block",209,"Moss Block"
"Minecraft","minecraft:moss_carpet",208,"Moss Carpet"
"Minecraft","minecraft:mossy_cobblestone",246,"Mossy Cobblestone"
"Minecraft","minecraft:mossy_cobblestone_slab",594,"Mossy Cobblestone Slab"
"Minecraft","minecraft:mossy_cobblestone_stairs",576,"Mossy Cobblestone Stairs"
"Minecraft","minecraft:mossy_cobblestone_wall",350,"Mossy Cobblestone Wall"
"Minecraft","minecraft:mossy_stone_brick_slab",592,"Mossy Stone Brick Slab"
"Minecraft","minecraft:mossy_stone_brick_stairs",574,"Mossy Stone Brick Stairs"
"Minecraft","minecraft:mossy_stone_brick_wall",354,"Mossy Stone Brick Wall"
"Minecraft","minecraft:mossy_stone_bricks",296,"Mossy Stone Bricks"
"Minecraft","minecraft:mud",19,"Mud"
"Minecraft","minecraft:mud_brick_slab",231,"Mud Brick Slab"
"Minecraft","minecraft:mud_brick_stairs",318,"Mud Brick Stairs"
"Minecraft","minecraft:mud_brick_wall",357,"Mud Brick Wall"
"Minecraft","minecraft:mud_bricks",300,"Mud Bricks"
"Minecraft","minecraft:muddy_mangrove_roots",112,"Muddy Mangrove Roots"
"Minecraft","minecraft:mule_spawn_egg",942,"Mule Spawn Egg"
"Minecraft","minecraft:mushroom_stem",309,"Mushroom Stem"
"Minecraft","minecraft:mushroom_stew",767,"Mushroom Stew"
"Minecraft","minecraft:music_disc_11",1068,"Music Disc"
"Minecraft","minecraft:music_disc_13",1058,"Music Disc"
"Minecraft","minecraft:music_disc_5",1071,"Music Disc"
"Minecraft","minecraft:music_disc_blocks",1060,"Music Disc"
"Minecraft","minecraft:music_disc_cat",1059,"Music Disc"
"Minecraft","minecraft:music_disc_chirp",1061,"Music Disc"
"Minecraft","minecraft:music_disc_far",1062,"Music Disc"
"Minecraft","minecraft:music_disc_mall",1063,"Music Disc"
"Minecraft","minecraft:music_disc_mellohi",1064,"Music Disc"
"Minecraft","minecraft:music_disc_otherside",1070,"Music Disc"
"Minecraft","minecraft:music_disc_pigstep",1072,"Music Disc"
"Minecraft","minecraft:music_disc_stal",1065,"Music Disc"
"Minecraft","minecraft:music_disc_strad",1066,"Music Disc"
"Minecraft","minecraft:music_disc_wait",1069,"Music Disc"
"Minecraft","minecraft:music_disc_ward",1067,"Music Disc"
"Minecraft","minecraft:mutton",1023,"Raw Mutton"
"Minecraft","minecraft:mycelium",319,"Mycelium"
"Minecraft","minecraft:name_tag",1021,"Name Tag"
"Minecraft","minecraft:nautilus_shell",1076,"Nautilus Shell"
"Minecraft","minecraft:nether_brick",1007,"Nether Brick"
"Minecraft","minecraft:nether_brick_fence",324,"Nether Brick Fence"
"Minecraft","minecraft:nether_brick_slab",232,"Nether Brick Slab"
"Minecraft","minecraft:nether_brick_stairs",325,"Nether Brick Stairs"
"Minecraft","minecraft:nether_brick_wall",358,"Nether Brick Wall"
"Minecraft","minecraft:nether_bricks",321,"Nether Bricks"
"Minecraft","minecraft:nether_gold_ore",59,"Nether Gold Ore"
"Minecraft","minecraft:nether_quartz_ore",60,"Nether Quartz Ore"
"Minecraft","minecraft:nether_sprouts",203,"Nether Sprouts"
"Minecraft","minecraft:nether_star",1002,"Nether Star"
"Minecraft","minecraft:nether_wart",901,"Nether Wart"
"Minecraft","minecraft:nether_wart_block",469,"Nether Wart Block"
"Minecraft","minecraft:netherite_axe",763,"Netherite Axe"
"Minecraft","minecraft:netherite_block",72,"Block of Netherite"
"Minecraft","minecraft:netherite_boots",797,"Netherite Boots"
"Minecraft","minecraft:netherite_chestplate",795,"Netherite Chestplate"
"Minecraft","minecraft:netherite_helmet",794,"Netherite Helmet"
"Minecraft","minecraft:netherite_hoe",764,"Netherite Hoe"
"Minecraft","minecraft:netherite_ingot",733,"Netherite Ingot"
"Minecraft","minecraft:netherite_leggings",796,"Netherite Leggings"
"Minecraft","minecraft:netherite_pickaxe",762,"Netherite Pickaxe"
"Minecraft","minecraft:netherite_scrap",734,"Netherite Scrap"
"Minecraft","minecraft:netherite_shovel",761,"Netherite Shovel"
"Minecraft","minecraft:netherite_sword",760,"Netherite Sword"
"Minecraft","minecraft:netherrack",280,"Netherrack"
"Minecraft","minecraft:note_block",631,"Note Block"
"Minecraft","minecraft:oak_boat",698,"Oak Boat"
"Minecraft","minecraft:oak_button",634,"Oak Button"
"Minecraft","minecraft:oak_chest_boat",699,"Oak Boat with Chest"
"Minecraft","minecraft:oak_door",657,"Oak Door"
"Minecraft","minecraft:oak_fence",268,"Oak Fence"
"Minecraft","minecraft:oak_fence_gate",676,"Oak Fence Gate"
"Minecraft","minecraft:oak_leaves",142,"Oak Leaves"
"Minecraft","minecraft:oak_log",104,"Oak Log"
"Minecraft","minecraft:oak_planks",23,"Oak Planks"
"Minecraft","minecraft:oak_pressure_plate",647,"Oak Pressure Plate"
"Minecraft","minecraft:oak_sapling",32,"Oak Sapling"
"Minecraft","minecraft:oak_sign",804,"Oak Sign"
"Minecraft","minecraft:oak_slab",214,"Oak Slab"
"Minecraft","minecraft:oak_stairs",338,"Oak Stairs"
"Minecraft","minecraft:oak_trapdoor",667,"Oak Trapdoor"
"Minecraft","minecraft:oak_wood",133,"Oak Wood"
"Minecraft","minecraft:observer",617,"Observer"
"Minecraft","minecraft:obsidian",247,"Obsidian"
"Minecraft","minecraft:ocelot_spawn_egg",943,"Ocelot Spawn Egg"
"Minecraft","minecraft:ochre_froglight",1147,"Ochre Froglight"
"Minecraft","minecraft:orange_banner",1026,"Orange Banner"
"Minecraft","minecraft:orange_bed",870,"Orange Bed"
"Minecraft","minecraft:orange_candle",1127,"Orange Candle"
"Minecraft","minecraft:orange_carpet",399,"Orange Carpet"
"Minecraft","minecraft:orange_concrete",508,"Orange Concrete"
"Minecraft","minecraft:orange_concrete_powder",524,"Orange Concrete Powder"
"Minecraft","minecraft:orange_dye",850,"Orange Dye"
"Minecraft","minecraft:orange_glazed_terracotta",492,"Orange Glazed Terracotta"
"Minecraft","minecraft:orange_shulker_box",476,"Orange Shulker Box"
"Minecraft","minecraft:orange_stained_glass",424,"Orange Stained Glass"
"Minecraft","minecraft:orange_stained_glass_pane",440,"Orange Stained Glass Pane"
"Minecraft","minecraft:orange_terracotta",380,"Orange Terracotta"
"Minecraft","minecraft:orange_tulip",189,"Orange Tulip"
"Minecraft","minecraft:orange_wool",168,"Orange Wool"
"Minecraft","minecraft:oxeye_daisy",192,"Oxeye Daisy"
"Minecraft","minecraft:oxidized_copper",75,"Oxidized Copper"
"Minecraft","minecraft:oxidized_cut_copper",79,"Oxidized Cut Copper"
"Minecraft","minecraft:oxidized_cut_copper_slab",87,"Oxidized Cut Copper Slab"
"Minecraft","minecraft:oxidized_cut_copper_stairs",83,"Oxidized Cut Copper Stairs"
"Minecraft","minecraft:packed_ice",415,"Packed Ice"
"Minecraft","minecraft:packed_mud",299,"Packed Mud"
"Minecraft","minecraft:painting",801,"Painting"
"Minecraft","minecraft:panda_spawn_egg",944,"Panda Spawn Egg"
"Minecraft","minecraft:paper",829,"Paper"
"Minecraft","minecraft:parrot_spawn_egg",945,"Parrot Spawn Egg"
"Minecraft","minecraft:pearlescent_froglight",1149,"Pearlescent Froglight"
"Minecraft","minecraft:peony",420,"Peony"
"Minecraft","minecraft:petrified_oak_slab",227,"Petrified Oak Slab"
"Minecraft","minecraft:phantom_membrane",1075,"Phantom Membrane"
"Minecraft","minecraft:phantom_spawn_egg",946,"Phantom Spawn Egg"
"Minecraft","minecraft:pig_spawn_egg",947,"Pig Spawn Egg"
"Minecraft","minecraft:piglin_banner_pattern",1086,"Banner Pattern"
"Minecraft","minecraft:piglin_brute_spawn_egg",949,"Piglin Brute Spawn Egg"
"Minecraft","minecraft:piglin_spawn_egg",948,"Piglin Spawn Egg"
"Minecraft","minecraft:pillager_spawn_egg",950,"Pillager Spawn Egg"
"Minecraft","minecraft:pink_banner",1031,"Pink Banner"
"Minecraft","minecraft:pink_bed",875,"Pink Bed"
"Minecraft","minecraft:pink_candle",1132,"Pink Candle"
"Minecraft","minecraft:pink_carpet",404,"Pink Carpet"
"Minecraft","minecraft:pink_concrete",513,"Pink Concrete"
"Minecraft","minecraft:pink_concrete_powder",529,"Pink Concrete Powder"
"Minecraft","minecraft:pink_dye",855,"Pink Dye"
"Minecraft","minecraft:pink_glazed_terracotta",497,"Pink Glazed Terracotta"
"Minecraft","minecraft:pink_shulker_box",481,"Pink Shulker Box"
"Minecraft","minecraft:pink_stained_glass",429,"Pink Stained Glass"
"Minecraft","minecraft:pink_stained_glass_pane",445,"Pink Stained Glass Pane"
"Minecraft","minecraft:pink_terracotta",385,"Pink Terracotta"
"Minecraft","minecraft:pink_tulip",191,"Pink Tulip"
"Minecraft","minecraft:pink_wool",173,"Pink Wool"
"Minecraft","minecraft:piston",613,"Piston"
"Minecraft","minecraft:player_head",998,"Player Head"
"Minecraft","minecraft:podzol",17,"Podzol"
"Minecraft","minecraft:pointed_dripstone",1146,"Pointed Dripstone"
"Minecraft","minecraft:poisonous_potato",993,"Poisonous Potato"
"Minecraft","minecraft:polar_bear_spawn_egg",951,"Polar Bear Spawn Egg"
"Minecraft","minecraft:polished_andesite",7,"Polished Andesite"
"Minecraft","minecraft:polished_andesite_slab",601,"Polished Andesite Slab"
"Minecraft","minecraft:polished_andesite_stairs",584,"Polished Andesite Stairs"
"Minecraft","minecraft:polished_basalt",284,"Polished Basalt"
"Minecraft","minecraft:polished_blackstone",1116,"Polished Blackstone"
"Minecraft","minecraft:polished_blackstone_brick_slab",1121,"Polished Blackstone Brick Slab"
"Minecraft","minecraft:polished_blackstone_brick_stairs",1122,"Polished Blackstone Brick Stairs"
"Minecraft","minecraft:polished_blackstone_brick_wall",366,"Polished Blackstone Brick Wall"
"Minecraft","minecraft:polished_blackstone_bricks",1120,"Polished Blackstone Bricks"
"Minecraft","minecraft:polished_blackstone_button",633,"Polished Blackstone Button"
"Minecraft","minecraft:polished_blackstone_pressure_plate",644,"Polished Blackstone Pressure Plate"
"Minecraft","minecraft:polished_blackstone_slab",1117,"Polished Blackstone Slab"
"Minecraft","minecraft:polished_blackstone_stairs",1118,"Polished Blackstone Stairs"
"Minecraft","minecraft:polished_blackstone_wall",365,"Polished Blackstone Wall"
"Minecraft","minecraft:polished_deepslate",10,"Polished Deepslate"
"Minecraft","minecraft:polished_deepslate_slab",604,"Polished Deepslate Slab"
"Minecraft","minecraft:polished_deepslate_stairs",587,"Polished Deepslate Stairs"
"Minecraft","minecraft:polished_deepslate_wall",368,"Polished Deepslate Wall"
"Minecraft","minecraft:polished_diorite",5,"Polished Diorite"
"Minecraft","minecraft:polished_diorite_slab",593,"Polished Diorite Slab"
"Minecraft","minecraft:polished_diorite_stairs",575,"Polished Diorite Stairs"
"Minecraft","minecraft:polished_granite",3,"Polished Granite"
"Minecraft","minecraft:polished_granite_slab",590,"Polished Granite Slab"
"Minecraft","minecraft:polished_granite_stairs",572,"Polished Granite Stairs"
"Minecraft","minecraft:popped_chorus_fruit",1043,"Popped Chorus Fruit"
"Minecraft","minecraft:poppy",184,"Poppy"
"Minecraft","minecraft:porkchop",799,"Raw Porkchop"
"Minecraft","minecraft:potato",991,"Potato"
"Minecraft","minecraft:potion",902,"Uncraftable Potion"
"Minecraft","minecraft:powder_snow_bucket",816,"Powder Snow Bucket"
"Minecraft","minecraft:powered_rail",685,"Powered Rail"
"Minecraft","minecraft:prismarine",455,"Prismarine"
"Minecraft","minecraft:prismarine_brick_slab",238,"Prismarine Brick Slab"
"Minecraft","minecraft:prismarine_brick_stairs",459,"Prismarine Brick Stairs"
"Minecraft","minecraft:prismarine_bricks",456,"Prismarine Bricks"
"Minecraft","minecraft:prismarine_crystals",1009,"Prismarine Crystals"
"Minecraft","minecraft:prismarine_shard",1008,"Prismarine Shard"
"Minecraft","minecraft:prismarine_slab",237,"Prismarine Slab"
"Minecraft","minecraft:prismarine_stairs",458,"Prismarine Stairs"
"Minecraft","minecraft:prismarine_wall",352,"Prismarine Wall"
"Minecraft","minecraft:pufferfish",843,"Pufferfish"
"Minecraft","minecraft:pufferfish_bucket",820,"Bucket of Pufferfish"
"Minecraft","minecraft:pufferfish_spawn_egg",952,"Pufferfish Spawn Egg"
"Minecraft","minecraft:pumpkin",277,"Pumpkin"
"Minecraft","minecraft:pumpkin_pie",1003,"Pumpkin Pie"
"Minecraft","minecraft:pumpkin_seeds",890,"Pumpkin Seeds"
"Minecraft","minecraft:purple_banner",1035,"Purple Banner"
"Minecraft","minecraft:purple_bed",879,"Purple Bed"
"Minecraft","minecraft:purple_candle",1136,"Purple Candle"
"Minecraft","minecraft:purple_carpet",408,"Purple Carpet"
"Minecraft","minecraft:purple_concrete",517,"Purple Concrete"
"Minecraft","minecraft:purple_concrete_powder",533,"Purple Concrete Powder"
"Minecraft","minecraft:purple_dye",859,"Purple Dye"
"Minecraft","minecraft:purple_glazed_terracotta",501,"Purple Glazed Terracotta"
"Minecraft","minecraft:purple_shulker_box",485,"Purple Shulker Box"
"Minecraft","minecraft:purple_stained_glass",433,"Purple Stained Glass"
"Minecraft","minecraft:purple_stained_glass_pane",449,"Purple Stained Glass Pane"
"Minecraft","minecraft:purple_terracotta",389,"Purple Terracotta"
"Minecraft","minecraft:purple_wool",177,"Purple Wool"
"Minecraft","minecraft:purpur_block",252,"Purpur Block"
"Minecraft","minecraft:purpur_pillar",253,"Purpur Pillar"
"Minecraft","minecraft:purpur_slab",236,"Purpur Slab"
"Minecraft","minecraft:purpur_stairs",254,"Purpur Stairs"
"Minecraft","minecraft:quartz",725,"Nether Quartz"
"Minecraft","minecraft:quartz_block",375,"Block of Quartz"
"Minecraft","minecraft:quartz_bricks",376,"Quartz Bricks"
"Minecraft","minecraft:quartz_pillar",377,"Quartz Pillar"
"Minecraft","minecraft:quartz_slab",233,"Quartz Slab"
"Minecraft","minecraft:quartz_stairs",378,"Quartz Stairs"
"Minecraft","minecraft:rabbit",1010,"Raw Rabbit"
"Minecraft","minecraft:rabbit_foot",1013,"Rabbit's Foot"
"Minecraft","minecraft:rabbit_hide",1014,"Rabbit Hide"
"Minecraft","minecraft:rabbit_spawn_egg",953,"Rabbit Spawn Egg"
"Minecraft","minecraft:rabbit_stew",1012,"Rabbit Stew"
"Minecraft","minecraft:rail",687,"Rail"
"Minecraft","minecraft:ravager_spawn_egg",954,"Ravager Spawn Egg"
"Minecraft","minecraft:raw_copper",729,"Raw Copper"
"Minecraft","minecraft:raw_copper_block",64,"Block of Raw Copper"
"Minecraft","minecraft:raw_gold",731,"Raw Gold"
"Minecraft","minecraft:raw_gold_block",65,"Block of Raw Gold"
"Minecraft","minecraft:raw_iron",727,"Raw Iron"
"Minecraft","minecraft:raw_iron_block",63,"Block of Raw Iron"
"Minecraft","minecraft:recovery_compass",834,"Recovery Compass"
"Minecraft","minecraft:red_banner",1039,"Red Banner"
"Minecraft","minecraft:red_bed",883,"Red Bed"
"Minecraft","minecraft:red_candle",1140,"Red Candle"
"Minecraft","minecraft:red_carpet",412,"Red Carpet"
"Minecraft","minecraft:red_concrete",521,"Red Concrete"
"Minecraft","minecraft:red_concrete_powder",537,"Red Concrete Powder"
"Minecraft","minecraft:red_dye",863,"Red Dye"
"Minecraft","minecraft:red_glazed_terracotta",505,"Red Glazed Terracotta"
"Minecraft","minecraft:red_mushroom",198,"Red Mushroom"
"Minecraft","minecraft:red_mushroom_block",308,"Red Mushroom Block"
"Minecraft","minecraft:red_nether_brick_slab",600,"Red Nether Brick Slab"
"Minecraft","minecraft:red_nether_brick_stairs",583,"Red Nether Brick Stairs"
"Minecraft","minecraft:red_nether_brick_wall",360,"Red Nether Brick Wall"
"Minecraft","minecraft:red_nether_bricks",471,"Red Nether Bricks"
"Minecraft","minecraft:red_sand",41,"Red Sand"
"Minecraft","minecraft:red_sandstone",462,"Red Sandstone"
"Minecraft","minecraft:red_sandstone_slab",234,"Red Sandstone Slab"
"Minecraft","minecraft:red_sandstone_stairs",465,"Red Sandstone Stairs"
"Minecraft","minecraft:red_sandstone_wall",353,"Red Sandstone Wall"
"Minecraft","minecraft:red_shulker_box",489,"Red Shulker Box"
"Minecraft","minecraft:red_stained_glass",437,"Red Stained Glass"
"Minecraft","minecraft:red_stained_glass_pane",453,"Red Stained Glass Pane"
"Minecraft","minecraft:red_terracotta",393,"Red Terracotta"
"Minecraft","minecraft:red_tulip",188,"Red Tulip"
"Minecraft","minecraft:red_wool",181,"Red Wool"
"Minecraft","minecraft:redstone",608,"Redstone Dust"
"Minecraft","minecraft:redstone_block",610,"Block of Redstone"
"Minecraft","minecraft:redstone_lamp",630,"Redstone Lamp"
"Minecraft","minecraft:redstone_ore",51,"Redstone Ore"
"Minecraft","minecraft:redstone_torch",609,"Redstone Torch"
"Minecraft","minecraft:reinforced_deepslate",306,"Reinforced Deepslate"
"Minecraft","minecraft:repeater",611,"Redstone Repeater"
"Minecraft","minecraft:repeating_command_block",466,"Repeating Command Block"
"Minecraft","minecraft:respawn_anchor",1124,"Respawn Anchor"
"Minecraft","minecraft:rooted_dirt",18,"Rooted Dirt"
"Minecraft","minecraft:rose_bush",419,"Rose Bush"
"Minecraft","minecraft:rotten_flesh",896,"Rotten Flesh"
"Minecraft","minecraft:saddle",689,"Saddle"
"Minecraft","minecraft:salmon",841,"Raw Salmon"
"Minecraft","minecraft:salmon_bucket",821,"Bucket of Salmon"
"Minecraft","minecraft:salmon_spawn_egg",955,"Salmon Spawn Egg"
"Minecraft","minecraft:sand",40,"Sand"
"Minecraft","minecraft:sandstone",156,"Sandstone"
"Minecraft","minecraft:sandstone_slab",225,"Sandstone Slab"
"Minecraft","minecraft:sandstone_stairs",335,"Sandstone Stairs"
"Minecraft","minecraft:sandstone_wall",361,"Sandstone Wall"
"Minecraft","minecraft:scaffolding",607,"Scaffolding"
"Minecraft","minecraft:sculk",326,"Sculk"
"Minecraft","minecraft:sculk_catalyst",328,"Sculk Catalyst"
"Minecraft","minecraft:sculk_sensor",626,"Sculk Sensor"
"Minecraft","minecraft:sculk_shrieker",329,"Sculk Shrieker"
"Minecraft","minecraft:sculk_vein",327,"Sculk Vein"
"Minecraft","minecraft:scute",715,"Scute"
"Minecraft","minecraft:sea_lantern",461,"Sea Lantern"
"Minecraft","minecraft:sea_pickle",166,"Sea Pickle"
"Minecraft","minecraft:seagrass",165,"Seagrass"
"Minecraft","minecraft:shears",887,"Shears"
"Minecraft","minecraft:sheep_spawn_egg",956,"Sheep Spawn Egg"
"Minecraft","minecraft:shield",1052,"Shield"
"Minecraft","minecraft:shroomlight",1104,"Shroomlight"
"Minecraft","minecraft:shulker_box",474,"Shulker Box"
"Minecraft","minecraft:shulker_shell",1054,"Shulker Shell"
"Minecraft","minecraft:shulker_spawn_egg",957,"Shulker Spawn Egg"
"Minecraft","minecraft:silverfish_spawn_egg",958,"Silverfish Spawn Egg"
"Minecraft","minecraft:skeleton_horse_spawn_egg",960,"Skeleton Horse Spawn Egg"
"Minecraft","minecraft:skeleton_skull",996,"Skeleton Skull"
"Minecraft","minecraft:skeleton_spawn_egg",959,"Skeleton Spawn Egg"
"Minecraft","minecraft:skull_banner_pattern",1083,"Banner Pattern"
"Minecraft","minecraft:slime_ball",831,"Slimeball"
"Minecraft","minecraft:slime_block",615,"Slime Block"
"Minecraft","minecraft:slime_spawn_egg",961,"Slime Spawn Egg"
"Minecraft","minecraft:small_amethyst_bud",1142,"Small Amethyst Bud"
"Minecraft","minecraft:small_dripleaf",212,"Small Dripleaf"
"Minecraft","minecraft:smithing_table",1095,"Smithing Table"
"Minecraft","minecraft:smoker",1090,"Smoker"
"Minecraft","minecraft:smooth_basalt",285,"Smooth Basalt"
"Minecraft","minecraft:smooth_quartz",240,"Smooth Quartz Block"
"Minecraft","minecraft:smooth_quartz_slab",597,"Smooth Quartz Slab"
"Minecraft","minecraft:smooth_quartz_stairs",580,"Smooth Quartz Stairs"
"Minecraft","minecraft:smooth_red_sandstone",241,"Smooth Red Sandstone"
"Minecraft","minecraft:smooth_red_sandstone_slab",591,"Smooth Red Sandstone Slab"
"Minecraft","minecraft:smooth_red_sandstone_stairs",573,"Smooth Red Sandstone Stairs"
"Minecraft","minecraft:smooth_sandstone",242,"Smooth Sandstone"
"Minecraft","minecraft:smooth_sandstone_slab",596,"Smooth Sandstone Slab"
"Minecraft","minecraft:smooth_sandstone_stairs",579,"Smooth Sandstone Stairs"
"Minecraft","minecraft:smooth_stone",243,"Smooth Stone"
"Minecraft","minecraft:smooth_stone_slab",224,"Smooth Stone Slab"
"Minecraft","minecraft:snow",262,"Snow"
"Minecraft","minecraft:snow_block",264,"Snow Block"
"Minecraft","minecraft:snowball",817,"Snowball"
"Minecraft","minecraft:soul_campfire",1103,"Soul Campfire"
"Minecraft","minecraft:soul_lantern",1099,"Soul Lantern"
"Minecraft","minecraft:soul_sand",281,"Soul Sand"
"Minecraft","minecraft:soul_soil",282,"Soul Soil"
"Minecraft","minecraft:soul_torch",286,"Soul Torch"
"Minecraft","minecraft:spawner",255,"Spawner"
"Minecraft","minecraft:spectral_arrow",1049,"Spectral Arrow"
"Minecraft","minecraft:spider_eye",904,"Spider Eye"
"Minecraft","minecraft:spider_spawn_egg",962,"Spider Spawn Egg"
"Minecraft","minecraft:splash_potion",1048,"Splash Uncraftable Potion"
"Minecraft","minecraft:sponge",151,"Sponge"
"Minecraft","minecraft:spore_blossom",196,"Spore Blossom"
"Minecraft","minecraft:spruce_boat",700,"Spruce Boat"
"Minecraft","minecraft:spruce_button",635,"Spruce Button"
"Minecraft","minecraft:spruce_chest_boat",701,"Spruce Boat with Chest"
"Minecraft","minecraft:spruce_door",658,"Spruce Door"
"Minecraft","minecraft:spruce_fence",269,"Spruce Fence"
"Minecraft","minecraft:spruce_fence_gate",677,"Spruce Fence Gate"
"Minecraft","minecraft:spruce_leaves",143,"Spruce Leaves"
"Minecraft","minecraft:spruce_log",105,"Spruce Log"
"Minecraft","minecraft:spruce_planks",24,"Spruce Planks"
"Minecraft","minecraft:spruce_pressure_plate",648,"Spruce Pressure Plate"
"Minecraft","minecraft:spruce_sapling",33,"Spruce Sapling"
"Minecraft","minecraft:spruce_sign",805,"Spruce Sign"
"Minecraft","minecraft:spruce_slab",215,"Spruce Slab"
"Minecraft","minecraft:spruce_stairs",339,"Spruce Stairs"
"Minecraft","minecraft:spruce_trapdoor",668,"Spruce Trapdoor"
"Minecraft","minecraft:spruce_wood",134,"Spruce Wood"
"Minecraft","minecraft:spyglass",838,"Spyglass"
"Minecraft","minecraft:squid_spawn_egg",963,"Squid Spawn Egg"
"Minecraft","minecraft:stick",765,"Stick"
"Minecraft","minecraft:sticky_piston",614,"Sticky Piston"
"Minecraft","minecraft:stone",1,"Stone"
"Minecraft","minecraft:stone_axe",743,"Stone Axe"
"Minecraft","minecraft:stone_brick_slab",230,"Stone Brick Slab"
"Minecraft","minecraft:stone_brick_stairs",317,"Stone Brick Stairs"
"Minecraft","minecraft:stone_brick_wall",356,"Stone Brick Wall"
"Minecraft","minecraft:stone_bricks",295,"Stone Bricks"
"Minecraft","minecraft:stone_button",632,"Stone Button"
"Minecraft","minecraft:stone_hoe",744,"Stone Hoe"
"Minecraft","minecraft:stone_pickaxe",742,"Stone Pickaxe"
"Minecraft","minecraft:stone_pressure_plate",643,"Stone Pressure Plate"
"Minecraft","minecraft:stone_shovel",741,"Stone Shovel"
"Minecraft","minecraft:stone_slab",223,"Stone Slab"
"Minecraft","minecraft:stone_stairs",578,"Stone Stairs"
"Minecraft","minecraft:stone_sword",740,"Stone Sword"
"Minecraft","minecraft:stonecutter",1096,"Stonecutter"
"Minecraft","minecraft:stray_spawn_egg",964,"Stray Spawn Egg"
"Minecraft","minecraft:strider_spawn_egg",965,"Strider Spawn Egg"
"Minecraft","minecraft:string",768,"String"
"Minecraft","minecraft:stripped_acacia_log",119,"Stripped Acacia Log"
"Minecraft","minecraft:stripped_acacia_wood",128,"Stripped Acacia Wood"
"Minecraft","minecraft:stripped_birch_log",117,"Stripped Birch Log"
"Minecraft","minecraft:stripped_birch_wood",126,"Stripped Birch Wood"
"Minecraft","minecraft:stripped_crimson_hyphae",131,"Stripped Crimson Hyphae"
"Minecraft","minecraft:stripped_crimson_stem",122,"Stripped Crimson Stem"
"Minecraft","minecraft:stripped_dark_oak_log",120,"Stripped Dark Oak Log"
"Minecraft","minecraft:stripped_dark_oak_wood",129,"Stripped Dark Oak Wood"
"Minecraft","minecraft:stripped_jungle_log",118,"Stripped Jungle Log"
"Minecraft","minecraft:stripped_jungle_wood",127,"Stripped Jungle Wood"
"Minecraft","minecraft:stripped_mangrove_log",121,"Stripped Mangrove Log"
"Minecraft","minecraft:stripped_mangrove_wood",130,"Stripped Mangrove Wood"
"Minecraft","minecraft:stripped_oak_log",115,"Stripped Oak Log"
"Minecraft","minecraft:stripped_oak_wood",124,"Stripped Oak Wood"
"Minecraft","minecraft:stripped_spruce_log",116,"Stripped Spruce Log"
"Minecraft","minecraft:stripped_spruce_wood",125,"Stripped Spruce Wood"
"Minecraft","minecraft:stripped_warped_hyphae",132,"Stripped Warped Hyphae"
"Minecraft","minecraft:stripped_warped_stem",123,"Stripped Warped Stem"
"Minecraft","minecraft:structure_block",712,"Structure Block"
"Minecraft","minecraft:structure_void",473,"Structure Void"
"Minecraft","minecraft:sugar",867,"Sugar"
"Minecraft","minecraft:sugar_cane",206,"Sugar Cane"
"Minecraft","minecraft:sunflower",417,"Sunflower"
"Minecraft","minecraft:suspicious_stew",1079,"Suspicious Stew"
"Minecraft","minecraft:sweet_berries",1100,"Sweet Berries"
"Minecraft","minecraft:tadpole_bucket",825,"Bucket of Tadpole"
"Minecraft","minecraft:tadpole_spawn_egg",966,"Tadpole Spawn Egg"
"Minecraft","minecraft:tall_grass",421,"Tall Grass"
"Minecraft","minecraft:target",622,"Target"
"Minecraft","minecraft:terracotta",414,"Terracotta"
"Minecraft","minecraft:tinted_glass",154,"Tinted Glass"
"Minecraft","minecraft:tipped_arrow",1050,"Uncraftable Tipped Arrow"
"Minecraft","minecraft:tnt",629,"TNT"
"Minecraft","minecraft:tnt_minecart",693,"Minecart with TNT"
"Minecraft","minecraft:torch",248,"Torch"
"Minecraft","minecraft:totem_of_undying",1053,"Totem of Undying"
"Minecraft","minecraft:trader_llama_spawn_egg",967,"Trader Llama Spawn Egg"
"Minecraft","minecraft:trapped_chest",628,"Trapped Chest"
"Minecraft","minecraft:trident",1074,"Trident"
"Minecraft","minecraft:tripwire_hook",627,"Tripwire Hook"
"Minecraft","minecraft:tropical_fish",842,"Tropical Fish"
"Minecraft","minecraft:tropical_fish_bucket",823,"Bucket of Tropical Fish"
"Minecraft","minecraft:tropical_fish_spawn_egg",968,"Tropical Fish Spawn Egg"
"Minecraft","minecraft:tube_coral",550,"Tube Coral"
"Minecraft","minecraft:tube_coral_block",545,"Tube Coral Block"
"Minecraft","minecraft:tube_coral_fan",560,"Tube Coral Fan"
"Minecraft","minecraft:tuff",12,"Tuff"
"Minecraft","minecraft:turtle_egg",539,"Turtle Egg"
"Minecraft","minecraft:turtle_helmet",714,"Turtle Shell"
"Minecraft","minecraft:turtle_spawn_egg",969,"Turtle Spawn Egg"
"Minecraft","minecraft:twisting_vines",205,"Twisting Vines"
"Minecraft","minecraft:verdant_froglight",1148,"Verdant Froglight"
"Minecraft","minecraft:vex_spawn_egg",970,"Vex Spawn Egg"
"Minecraft","minecraft:villager_spawn_egg",971,"Villager Spawn Egg"
"Minecraft","minecraft:vindicator_spawn_egg",972,"Vindicator Spawn Egg"
"Minecraft","minecraft:vine",314,"Vines"
"Minecraft","minecraft:wandering_trader_spawn_egg",973,"Wandering Trader Spawn Egg"
"Minecraft","minecraft:warden_spawn_egg",974,"Warden Spawn Egg"
"Minecraft","minecraft:warped_button",642,"Warped Button"
"Minecraft","minecraft:warped_door",665,"Warped Door"
"Minecraft","minecraft:warped_fence",276,"Warped Fence"
"Minecraft","minecraft:warped_fence_gate",684,"Warped Fence Gate"
"Minecraft","minecraft:warped_fungus",200,"Warped Fungus"
"Minecraft","minecraft:warped_fungus_on_a_stick",696,"Warped Fungus on a Stick"
"Minecraft","minecraft:warped_hyphae",141,"Warped Hyphae"
"Minecraft","minecraft:warped_nylium",21,"Warped Nylium"
"Minecraft","minecraft:warped_planks",31,"Warped Planks"
"Minecraft","minecraft:warped_pressure_plate",655,"Warped Pressure Plate"
"Minecraft","minecraft:warped_roots",202,"Warped Roots"
"Minecraft","minecraft:warped_sign",812,"Warped Sign"
"Minecraft","minecraft:warped_slab",222,"Warped Slab"
"Minecraft","minecraft:warped_stairs",346,"Warped Stairs"
"Minecraft","minecraft:warped_stem",114,"Warped Stem"
"Minecraft","minecraft:warped_trapdoor",675,"Warped Trapdoor"
"Minecraft","minecraft:warped_wart_block",470,"Warped Wart Block"
"Minecraft","minecraft:water_bucket",814,"Water Bucket"
"Minecraft","minecraft:waxed_copper_block",88,"Waxed Block of Copper"
"Minecraft","minecraft:waxed_cut_copper",92,"Waxed Cut Copper"
"Minecraft","minecraft:waxed_cut_copper_slab",100,"Waxed Cut Copper Slab"
"Minecraft","minecraft:waxed_cut_copper_stairs",96,"Waxed Cut Copper Stairs"
"Minecraft","minecraft:waxed_exposed_copper",89,"Waxed Exposed Copper"
"Minecraft","minecraft:waxed_exposed_cut_copper",93,"Waxed Exposed Cut Copper"
"Minecraft","minecraft:waxed_exposed_cut_copper_slab",101,"Waxed Exposed Cut Copper Slab"
"Minecraft","minecraft:waxed_exposed_cut_copper_stairs",97,"Waxed Exposed Cut Copper Stairs"
"Minecraft","minecraft:waxed_oxidized_copper",91,"Waxed Oxidized Copper"
"Minecraft","minecraft:waxed_oxidized_cut_copper",95,"Waxed Oxidized Cut Copper"
"Minecraft","minecraft:waxed_oxidized_cut_copper_slab",103,"Waxed Oxidized Cut Copper Slab"
"Minecraft","minecraft:waxed_oxidized_cut_copper_stairs",99,"Waxed Oxidized Cut Copper Stairs"
"Minecraft","minecraft:waxed_weathered_copper",90,"Waxed Weathered Copper"
"Minecraft","minecraft:waxed_weathered_cut_copper",94,"Waxed Weathered Cut Copper"
"Minecraft","minecraft:waxed_weathered_cut_copper_slab",102,"Waxed Weathered Cut Copper Slab"
"Minecraft","minecraft:waxed_weathered_cut_copper_stairs",98,"Waxed Weathered Cut Copper Stairs"
"Minecraft","minecraft:weathered_copper",74,"Weathered Copper"
"Minecraft","minecraft:weathered_cut_copper",78,"Weathered Cut Copper"
"Minecraft","minecraft:weathered_cut_copper_slab",86,"Weathered Cut Copper Slab"
"Minecraft","minecraft:weathered_cut_copper_stairs",82,"Weathered Cut Copper Stairs"
"Minecraft","minecraft:weeping_vines",204,"Weeping Vines"
"Minecraft","minecraft:wet_sponge",152,"Wet Sponge"
"Minecraft","minecraft:wheat",772,"Wheat"
"Minecraft","minecraft:wheat_seeds",771,"Wheat Seeds"
"Minecraft","minecraft:white_banner",1025,"White Banner"
"Minecraft","minecraft:white_bed",869,"White Bed"
"Minecraft","minecraft:white_candle",1126,"White Candle"
"Minecraft","minecraft:white_carpet",398,"White Carpet"
"Minecraft","minecraft:white_concrete",507,"White Concrete"
"Minecraft","minecraft:white_concrete_powder",523,"White Concrete Powder"
"Minecraft","minecraft:white_dye",849,"White Dye"
"Minecraft","minecraft:white_glazed_terracotta",491,"White Glazed Terracotta"
"Minecraft","minecraft:white_shulker_box",475,"White Shulker Box"
"Minecraft","minecraft:white_stained_glass",423,"White Stained Glass"
"Minecraft","minecraft:white_stained_glass_pane",439,"White Stained Glass Pane"
"Minecraft","minecraft:white_terracotta",379,"White Terracotta"
"Minecraft","minecraft:white_tulip",190,"White Tulip"
"Minecraft","minecraft:white_wool",167,"White Wool"
"Minecraft","minecraft:witch_spawn_egg",975,"Witch Spawn Egg"
"Minecraft","minecraft:wither_rose",195,"Wither Rose"
"Minecraft","minecraft:wither_skeleton_skull",997,"Wither Skeleton Skull"
"Minecraft","minecraft:wither_skeleton_spawn_egg",976,"Wither Skeleton Spawn Egg"
"Minecraft","minecraft:wolf_spawn_egg",977,"Wolf Spawn Egg"
"Minecraft","minecraft:wooden_axe",738,"Wooden Axe"
"Minecraft","minecraft:wooden_hoe",739,"Wooden Hoe"
"Minecraft","minecraft:wooden_pickaxe",737,"Wooden Pickaxe"
"Minecraft","minecraft:wooden_shovel",736,"Wooden Shovel"
"Minecraft","minecraft:wooden_sword",735,"Wooden Sword"
"Minecraft","minecraft:writable_book",985,"Book and Quill"
"Minecraft","minecraft:written_book",986,"Written Book"
"Minecraft","minecraft:yellow_banner",1029,"Yellow Banner"
"Minecraft","minecraft:yellow_bed",873,"Yellow Bed"
"Minecraft","minecraft:yellow_candle",1130,"Yellow Candle"
"Minecraft","minecraft:yellow_carpet",402,"Yellow Carpet"
"Minecraft","minecraft:yellow_concrete",511,"Yellow Concrete"
"Minecraft","minecraft:yellow_concrete_powder",527,"Yellow Concrete Powder"
"Minecraft","minecraft:yellow_dye",853,"Yellow Dye"
"Minecraft","minecraft:yellow_glazed_terracotta",495,"Yellow Glazed Terracotta"
"Minecraft","minecraft:yellow_shulker_box",479,"Yellow Shulker Box"
"Minecraft","minecraft:yellow_stained_glass",427,"Yellow Stained Glass"
"Minecraft","minecraft:yellow_stained_glass_pane",443,"Yellow Stained Glass Pane"
"Minecraft","minecraft:yellow_terracotta",383,"Yellow Terracotta"
"Minecraft","minecraft:yellow_wool",171,"Yellow Wool"
"Minecraft","minecraft:zoglin_spawn_egg",978,"Zoglin Spawn Egg"
"Minecraft","minecraft:zombie_head",999,"Zombie Head"
"Minecraft","minecraft:zombie_horse_spawn_egg",980,"Zombie Horse Spawn Egg"
"Minecraft","minecraft:zombie_spawn_egg",979,"Zombie Spawn Egg"
"Minecraft","minecraft:zombie_villager_spawn_egg",981,"Zombie Villager Spawn Egg"
"Minecraft","minecraft:zombified_piglin_spawn_egg",982,"Zombified Piglin Spawn Egg"
